Well,Fluor,Target,Content,Sample,Plate_number,Cq,Cq Mean,Cq Std. Dev,Starting Quantity (SQ),Log Starting Quantity,SQ Mean,SQ Std. Dev,Set Point,Melt_Temperature
A1,SYBR,,Unkn_01,HQY,1,32.8617313432,32.0656665175,0.7789224878,21.5392475831,1.3332305283,36.8853739908,16.269494945,68,74.5
A2,SYBR,,Unkn_01,HQY,1,32.0301680162,32.0656665175,0.7789224878,35.1739409922,1.5462210307,36.8853739908,16.269494945,68,74.5
A3,SYBR,,Unkn_01,HQY,1,31.3051001931,32.0656665175,0.7789224878,53.9429333972,1.7319345595,36.8853739908,16.269494945,68,74.5
A4,SYBR,,Unkn_09,KRW,1,18.2054001634,18.9672473611,0.8206790596,122234.890368921,5.0871951873,84011.4335010643,37766.9761339986,68,74.5
A5,SYBR,,Unkn_09,KRW,1,18.860107691,18.9672473611,0.8206790596,83081.2890220443,4.9195032261,84011.4335010643,37766.9761339986,68,74.5
A6,SYBR,,Unkn_09,KRW,1,19.8362342288,18.9672473611,0.8206790596,46718.1211122281,4.6694853682,84011.4335010643,37766.9761339986,68,74.5
A7,SYBR,,Unkn_17,IJU,1,27.0475263274,27.1627822671,0.1124288262,664.4130491532,2.8224381535,621.6625223472,41.304495344,68,75
A8,SYBR,,Unkn_17,IJU,1,27.1686676797,27.1627822671,0.1124288262,618.5999779933,2.7914099002,621.6625223472,41.304495344,68,74.5
A9,SYBR,,Unkn_17,IJU,1,27.2721527941,27.1627822671,0.1124288262,581.9745398949,2.7649039856,621.6625223472,41.304495344,68,74.5
B1,SYBR,,Unkn_02,GIQ,1,18.3609102749,17.6348658316,0.6823572707,111522.879267725,5.0473639734,180229.326291606,68173.0282826052,68,74.5
B2,SYBR,,Unkn_02,GIQ,1,17.5369021782,17.6348658316,0.6823572707,181308.988403586,5.2584193348,180229.326291606,68173.0282826052,68,74.5
B3,SYBR,,Unkn_02,GIQ,1,17.0067850417,17.6348658316,0.6823572707,247856.111203506,5.3941996314,180229.326291606,68173.0282826052,68,74.5
B4,SYBR,,Unkn_10,FHX,1,16.8377028773,18.3614204634,1.6316969377,273846.434661276,5.437507091,146509.350940934,118165.801448854,68,74.5
B5,SYBR,,Unkn_10,FHX,1,18.1635144756,18.3614204634,1.6316969377,125292.039501671,5.0979234787,146509.350940934,118165.801448854,68,74.5
B6,SYBR,,Unkn_10,FHX,1,20.0830440375,18.3614204634,1.6316969377,40389.5786598564,4.6062693227,146509.350940934,118165.801448854,68,74.5
B7,SYBR,,Unkn_18,LOU,1,24.255717216,24.8903189698,0.7353999801,3447.5578717031,3.5375115651,2515.0175301267,991.1562524882,68,74.5
B8,SYBR,,Unkn_18,LOU,1,24.7189751995,24.8903189698,0.7353999801,2623.3490477678,3.4188560792,2515.0175301267,991.1562524882,68,74.5
B9,SYBR,,Unkn_18,LOU,1,25.6962644939,24.8903189698,0.7353999801,1474.1456709091,3.1685404014,2515.0175301267,991.1562524882,68,74.5
C1,SYBR,,Unkn_03,GRU,1,18.9482929052,17.9687043749,1.1744930687,78870.7762488633,4.8969161152,165996.123101273,120032.241475455,68,74.5
C2,SYBR,,Unkn_03,GRU,1,18.2911531164,17.9687043749,1.1744930687,116206.670437562,5.0652310579,165996.123101273,120032.241475455,68,74.5
C3,SYBR,,Unkn_03,GRU,1,16.6666671031,17.9687043749,1.1744930687,302910.922617393,5.4813149338,165996.123101273,120032.241475455,68,74.5
C4,SYBR,,Unkn_11,CEV,1,32.5498707273,32.8648222127,0.4286114621,25.8885787105,1.4131082082,21.9407315571,5.1450136081,68,None
C5,SYBR,,Unkn_11,CEV,1,32.6916743676,32.8648222127,0.4286114621,23.8115501262,1.3767876688,21.9407315571,5.1450136081,68,None
C6,SYBR,,Unkn_11,CEV,1,33.3529215432,32.8648222127,0.4286114621,16.1220658346,1.2074206903,21.9407315571,5.1450136081,68,None
C7,SYBR,,Unkn_19,GKL,1,26.3099576167,27.0169398411,0.7477758848,1026.4872692597,3.0113535675,720.0950368535,300.2652336598,68,74.5
C8,SYBR,,Unkn_19,GKL,1,26.9411281759,27.0169398411,0.7477758848,707.4409445637,2.8496901919,720.0950368535,300.2652336598,68,74.5
C9,SYBR,,Unkn_19,GKL,1,27.7997337308,27.0169398411,0.7477758848,426.3568967371,2.6297732925,720.0950368535,300.2652336598,68,74.5
D1,SYBR,,Unkn_04,DJU,1,18.4899877734,17.7727741839,1.0633406696,103348.223126046,5.0143030142,181596.667161333,123758.38702875,68,74.5
D2,SYBR,,Unkn_04,DJU,1,18.2772414763,17.7727741839,1.0633406696,117164.025019713,5.0687942829,181596.667161333,123758.38702875,68,74.5
D3,SYBR,,Unkn_04,DJU,1,16.5510933019,17.7727741839,1.0633406696,324277.753338241,5.5109171555,181596.667161333,123758.38702875,68,74.5
D4,SYBR,,Unkn_12,IOQ,1,17.3540842221,18.618625254,1.4949222361,201950.521416684,5.3052449788,119465.179354661,82875.3736241537,68,74.5
D5,SYBR,,Unkn_12,IOQ,1,18.2333032799,18.618625254,1.4949222361,120239.812045169,5.0800482887,119465.179354661,82875.3736241537,68,74.5
D6,SYBR,,Unkn_12,IOQ,1,20.2684882601,18.618625254,1.4949222361,36205.2046021308,4.5587710061,119465.179354661,82875.3736241537,68,74.5
D7,SYBR,,Unkn_20,GMX,1,18.3424422874,18.8456119584,0.7347890704,112744.204749734,5.0520942276,88702.9016100428,33091.6377993872,68,74.5
D8,SYBR,,Unkn_20,GMX,1,18.5055633011,18.8456119584,0.7347890704,102403.220079349,5.0103136133,88702.9016100428,33091.6377993872,68,74.5
D9,SYBR,,Unkn_20,GMX,1,19.6888302865,18.8456119584,0.7347890704,50961.2800010456,4.7072403277,88702.9016100428,33091.6377993872,68,74.5
E1,SYBR,,Unkn_05,AFV,1,18.1667750867,17.0556541229,1.9615168364,125051.334247321,5.0970883298,387585.619039235,457411.656491535,68,74.5
E2,SYBR,,Unkn_05,AFV,1,18.2093642317,17.0556541229,1.9615168364,121949.453971108,5.0861798601,387585.619039235,457411.656491535,68,74.5
E3,SYBR,,Unkn_05,AFV,1,14.7908230502,17.0556541229,1.9615168364,915756.068899275,5.9617798055,387585.619039235,457411.656491535,68,74.5
E4,SYBR,,Unkn_13,FGI,1,20.8655751982,21.9054036531,1.195781238,25458.7782316774,4.405837558,15992.2482519205,9540.178634582,68,74.5
E5,SYBR,,Unkn_13,FGI,1,21.6385775439,21.9054036531,1.195781238,16137.8782175116,4.2078464338,15992.2482519205,9540.178634582,68,74.5
E6,SYBR,,Unkn_13,FGI,1,23.2120582173,21.9054036531,1.195781238,6380.0883065724,3.8048266898,15992.2482519205,9540.178634582,68,74.5
E7,SYBR,,Unkn_21,FML,1,35.0846040096,34.6551279601,0.7561359551,5.8060437617,0.7638803049,8.0270293829,3.8886341242,68,None
E8,SYBR,,Unkn_21,FML,1,33.7820554271,34.6551279601,0.7561359551,12.5171512419,1.0975054997,8.0270293829,3.8886341242,68,74
E9,SYBR,,Unkn_21,FML,1,35.0987244436,34.6551279601,0.7561359551,5.7578931451,0.760263601,8.0270293829,3.8886341242,68,None
F1,SYBR,,Unkn_06,GIL,1,19.2182180378,18.5791967245,1.1522272632,67263.5029725755,4.8277794809,115782.251077714,85805.4771086054,68,74.5
F2,SYBR,,Unkn_06,GIL,1,19.270312847,18.5791967245,1.1522272632,65228.3361131041,4.8144363004,115782.251077714,85805.4771086054,68,74.5
F3,SYBR,,Unkn_06,GIL,1,17.2490592886,18.5791967245,1.1522272632,214854.914147463,5.3321452913,115782.251077714,85805.4771086054,68,74.5
F4,SYBR,,Unkn_14,ACQ,1,34.2825808538,34.1324339181,0.1784578523,9.3176116519,0.9693046056,10.2184479773,1.0945517054,68,None
F5,SYBR,,Unkn_14,ACQ,1,33.9351347233,34.1324339181,0.1784578523,11.4365990832,1.0582968969,10.2184479773,1.0945517054,68,None
F6,SYBR,,Unkn_14,ACQ,1,34.1795861773,34.1324339181,0.1784578523,9.901133197,0.995684903,10.2184479773,1.0945517054,68,None
F7,SYBR,,Unkn_22,DIK,1,29.3510049912,30.7761326993,1.5364296007,170.782003427,2.2324421039,94.0136405093,71.912588697,68,74.5
F8,SYBR,,Unkn_22,DIK,1,30.5736150382,30.7761326993,1.5364296007,83.0408481856,1.9192917764,94.0136405093,71.912588697,68,74.5
F9,SYBR,,Unkn_22,DIK,1,32.4037780686,30.7761326993,1.5364296007,28.2180699153,1.4505273052,94.0136405093,71.912588697,68,74.5
G1,SYBR,,Unkn_07,DFN,1,20.0694714246,19.3392298743,1.178023797,40714.1818147588,4.6097457117,74511.434978722,56377.8301698402,68,74.5
G2,SYBR,,Unkn_07,DFN,1,19.9679906439,19.3392298743,1.178023797,43225.3233795371,4.635738251,74511.434978722,56377.8301698402,68,74.5
G3,SYBR,,Unkn_07,DFN,1,17.9802275543,19.3392298743,1.178023797,139594.79974187,5.14486924,74511.434978722,56377.8301698402,68,74.5
G4,SYBR,,Unkn_15,OUW,1,26.3957508748,27.0056768304,0.6764250469,975.8411203737,2.9893791146,716.393968497,266.4662231901,68,74.5
G5,SYBR,,Unkn_15,OUW,1,26.8880956204,27.0056768304,0.6764250469,729.9171364605,2.8632735598,716.393968497,266.4662231901,68,74.5
G6,SYBR,,Unkn_15,OUW,1,27.7331839959,27.0056768304,0.6764250469,443.4236486567,2.6468188512,716.393968497,266.4662231901,68,74.5
G7,SYBR,,Unkn_23,CIM,1,29.5042752756,30.4853693188,0.8673590045,156.0215480903,2.1931845828,95.9057423372,52.497264305,68,74
G8,SYBR,,Unkn_23,CIM,1,30.8015532094,30.4853693188,0.8673590045,72.5954452214,1.8609093731,95.9057423372,52.497264305,68,75
G9,SYBR,,Unkn_23,CIM,1,31.1502794715,30.4853693188,0.8673590045,59.1002336998,1.7715891982,95.9057423372,52.497264305,68,74.5
H1,SYBR,,Unkn_08,DIT,1,37.6827083027,36.828891262,1.0807770722,1.2543565961,0.0984210179,2.3936999323,1.621123731,68,None
H2,SYBR,,Unkn_08,DIT,1,37.1902253602,36.828891262,1.0807770722,1.6771116257,0.2245619695,2.3936999323,1.621123731,68,None
H3,SYBR,,Unkn_08,DIT,1,35.6137401232,36.828891262,1.0807770722,4.2496315753,0.6283512802,2.3936999323,1.621123731,68,74.5
H4,SYBR,,Unkn_16,OTW,1,35.600831916,35.5409961958,0.1085816283,4.2821067847,0.6316574933,4.4420568887,0.2894993931,68,None
H5,SYBR,,Unkn_16,OTW,1,35.6064970705,35.5409961958,0.1085816283,4.2678236171,0.6302064624,4.4420568887,0.2894993931,68,None
H6,SYBR,,Unkn_16,OTW,1,35.4156596009,35.5409961958,0.1085816283,4.7762402642,0.6790861654,4.4420568887,0.2894993931,68,None
H7,SYBR,,Unkn_24,LPX,1,20.2285907365,21.9707483257,1.6400634581,37067.2241090347,4.5689900638,18032.1285747574,16770.6194707952,68,74.5
H8,SYBR,,Unkn_24,LPX,1,22.198808188,21.9707483257,1.6400634581,11597.1983536205,4.0643530852,18032.1285747574,16770.6194707952,68,74.5
H9,SYBR,,Unkn_24,LPX,1,23.4848460526,21.9707483257,1.6400634581,5431.963261617,3.734956824,18032.1285747574,16770.6194707952,68,74.5
H10,SYBR,,NTC,Neg_Ctrl,1,35.4646875708,35.4646875708,0,,,,0,68,None
H11,SYBR,,NTC,Neg_Ctrl,1,,0,0,,,0,0,68,None
H12,SYBR,,NTC,Neg_Ctrl,1,,0,0,,,0,0,68,None
A01,SYBR,,Unkn_01,MQY,2,17.3833785377,17.3999499143,0.1074538486,,,,,68,74.5
A02,SYBR,,Unkn_01,MQY,2,17.3017444213,17.3999499143,0.1074538486,,,,,68,74.5
A03,SYBR,,Unkn_01,MQY,2,17.5147267838,17.3999499143,0.1074538486,,,,,68,74.5
A04,SYBR,,Unkn_09,FIW,2,31.5701825974,32.5125428748,1.2000245292,,,,,68,74.5
A05,SYBR,,Unkn_09,FIW,2,32.1039351405,32.5125428748,1.2000245292,,,,,68,74.5
A06,SYBR,,Unkn_09,FIW,2,33.8635108865,32.5125428748,1.2000245292,,,,,68,None
A07,SYBR,,Unkn_17,AKR,2,16.7428602192,16.6502699445,0.1378432353,,,,,68,74.5
A08,SYBR,,Unkn_17,AKR,2,16.4918541654,16.6502699445,0.1378432353,,,,,68,74.5
A09,SYBR,,Unkn_17,AKR,2,16.7160954489,16.6502699445,0.1378432353,,,,,68,74.5
A10,SYBR,,Unkn_25,ASY,2,28.3199979363,28.3797400146,0.1913050954,,,,,68,72.5
A11,SYBR,,Unkn_25,ASY,2,28.225435044,28.3797400146,0.1913050954,,,,,68,73
A12,SYBR,,Unkn_25,ASY,2,28.5937870636,28.3797400146,0.1913050954,,,,,68,74.5
B01,SYBR,,Unkn_02,HOZ,2,17.645442044,17.8870521306,0.2390388969,,,,,68,74.5
B02,SYBR,,Unkn_02,HOZ,2,17.8922802786,17.8870521306,0.2390388969,,,,,68,74.5
B03,SYBR,,Unkn_02,HOZ,2,18.1234340694,17.8870521306,0.2390388969,,,,,68,74.5
B04,SYBR,,Unkn_10,AGO,2,35.5982852448,35.1658185162,0.3885485324,,,,,68,None
B05,SYBR,,Unkn_10,AGO,2,35.0530228553,35.1658185162,0.3885485324,,,,,68,None
B06,SYBR,,Unkn_10,AGO,2,34.8461474485,35.1658185162,0.3885485324,,,,,68,None
B07,SYBR,,Unkn_18,IQW,2,15.8984103815,16.0965755869,0.2402468662,,,,,68,74.5
B08,SYBR,,Unkn_18,IQW,2,16.0275318374,16.0965755869,0.2402468662,,,,,68,74.5
B09,SYBR,,Unkn_18,IQW,2,16.3637845417,16.0965755869,0.2402468662,,,,,68,74.5
B10,SYBR,,Unkn_26,DPV,2,15.6799970284,16.0633249257,0.5129520483,,,,,68,74.5
B11,SYBR,,Unkn_26,DPV,2,15.8639459148,16.0633249257,0.5129520483,,,,,68,73.5
B12,SYBR,,Unkn_26,DPV,2,16.6460318338,16.0633249257,0.5129520483,,,,,68,73.5
C01,SYBR,,Unkn_03,BNY,2,29.5238546676,29.6840755106,0.1626537706,,,,,68,74.5
C02,SYBR,,Unkn_03,BNY,2,29.6793142043,29.6840755106,0.1626537706,,,,,68,74.5
C03,SYBR,,Unkn_03,BNY,2,29.84905766,29.6840755106,0.1626537706,,,,,68,74.5
C04,SYBR,,Unkn_11,PQU,2,19.1817931802,20.6455462384,1.636410309,,,,,68,74.5
C05,SYBR,,Unkn_11,PQU,2,20.3425754659,20.6455462384,1.636410309,,,,,68,74.5
C06,SYBR,,Unkn_11,PQU,2,22.4122700692,20.6455462384,1.636410309,,,,,68,74.5
C07,SYBR,,Unkn_19,DNY,2,18.2579375616,18.8155881396,0.7547430253,,,,,68,74.5
C08,SYBR,,Unkn_19,DNY,2,18.5144079036,18.8155881396,0.7547430253,,,,,68,74.5
C09,SYBR,,Unkn_19,DNY,2,19.6744189535,18.8155881396,0.7547430253,,,,,68,74.5
C10,SYBR,,Unkn_27,OVW,2,32.7427405838,33.235399646,1.0556963328,,,,,68,84
C11,SYBR,,Unkn_27,OVW,2,32.5160894755,33.235399646,1.0556963328,,,,,68,None
C12,SYBR,,Unkn_27,OVW,2,34.4473688787,33.235399646,1.0556963328,,,,,68,None
D01,SYBR,,Unkn_04,AEF,2,32.6448122491,32.2600337178,0.444406742,,,,,68,None
D02,SYBR,,Unkn_04,AEF,2,32.3616792523,32.2600337178,0.444406742,,,,,68,None
D03,SYBR,,Unkn_04,AEF,2,31.7736096519,32.2600337178,0.444406742,,,,,68,None
D04,SYBR,,Unkn_12,BDV,2,14.681949176,15.644996177,1.2673071177,,,,,68,74.5
D05,SYBR,,Unkn_12,BDV,2,15.1723327535,15.644996177,1.2673071177,,,,,68,74.5
D06,SYBR,,Unkn_12,BDV,2,17.0807066016,15.644996177,1.2673071177,,,,,68,74.5
D07,SYBR,,Unkn_20,DUX,2,35.638806363,36.2215015602,1.3687632283,,,,,68,74.5
D08,SYBR,,Unkn_20,DUX,2,35.2405038812,36.2215015602,1.3687632283,,,,,68,75
D09,SYBR,,Unkn_20,DUX,2,37.7851944364,36.2215015602,1.3687632283,,,,,68,74
D10,SYBR,,Unkn_28,ABG,2,28.0387291826,29.047436312,1.2335249309,,,,,68,74.5
D11,SYBR,,Unkn_28,ABG,2,28.6808902267,29.047436312,1.2335249309,,,,,68,74.5
D12,SYBR,,Unkn_28,ABG,2,30.4226895267,29.047436312,1.2335249309,,,,,68,73.5
E01,SYBR,,Unkn_05,CGL,2,15.6159924775,15.8020268889,0.2011548304,,,,,68,74.5
E02,SYBR,,Unkn_05,CGL,2,15.7746004808,15.8020268889,0.2011548304,,,,,68,74.5
E03,SYBR,,Unkn_05,CGL,2,16.0154877084,15.8020268889,0.2011548304,,,,,68,74.5
E04,SYBR,,Unkn_13,DGN,2,38.2468196308,37.0674551939,1.1043981655,,,,,68,None
E05,SYBR,,Unkn_13,DGN,2,36.8979157507,37.0674551939,1.1043981655,,,,,68,None
E06,SYBR,,Unkn_13,DGN,2,36.0576302001,37.0674551939,1.1043981655,,,,,68,None
E07,SYBR,,Unkn_21,AQR,2,25.6703424214,26.7763972625,1.2400153628,,,,,68,74.5
E08,SYBR,,Unkn_21,AQR,2,26.5419476254,26.7763972625,1.2400153628,,,,,68,74.5
E09,SYBR,,Unkn_21,AQR,2,28.1169017407,26.7763972625,1.2400153628,,,,,68,74.5
E10,SYBR,,Unkn_29,DMY,2,18.1611006578,19.3790830074,1.3561196902,,,,,68,74.5
E11,SYBR,,Unkn_29,DMY,2,19.1357539013,19.3790830074,1.3561196902,,,,,68,74.5
E12,SYBR,,Unkn_29,DMY,2,20.8403944631,19.3790830074,1.3561196902,,,,,68,73
F01,SYBR,,Unkn_06,GKS,2,34.366083239,35.6434978118,2.0415654163,,,,,68,75
F02,SYBR,,Unkn_06,GKS,2,37.9980571768,35.6434978118,2.0415654163,,,,,68,74
F03,SYBR,,Unkn_06,GKS,2,34.5663530194,35.6434978118,2.0415654163,,,,,68,75
F04,SYBR,,Unkn_14,AMW,2,25.4674488321,26.1614926637,0.9968257725,,,,,68,74.5
F05,SYBR,,Unkn_14,AMW,2,25.7132856875,26.1614926637,0.9968257725,,,,,68,74.5
F06,SYBR,,Unkn_14,AMW,2,27.3037434714,26.1614926637,0.9968257725,,,,,68,74.5
F07,SYBR,,Unkn_22,FOZ,2,31.5976888761,32.5102965091,1.0847655091,,,,,68,74
F08,SYBR,,Unkn_22,FOZ,2,32.2235816912,32.5102965091,1.0847655091,,,,,68,74.5
F09,SYBR,,Unkn_22,FOZ,2,33.7096189598,32.5102965091,1.0847655091,,,,,68,74
F10,SYBR,,Unkn_30,OTZ,2,15.8286982519,17.2244745945,1.3326953759,,,,,68,74.5
F11,SYBR,,Unkn_30,OTZ,2,17.3611736123,17.2244745945,1.3326953759,,,,,68,74.5
F12,SYBR,,Unkn_30,OTZ,2,18.4835519193,17.2244745945,1.3326953759,,,,,68,74.5
G01,SYBR,,Unkn_07,CEJ,2,28.8910629441,28.8762676435,0.1993945158,,,,,68,74.5
G02,SYBR,,Unkn_07,CEJ,2,28.6698875889,28.8762676435,0.1993945158,,,,,68,75
G03,SYBR,,Unkn_07,CEJ,2,29.0678523975,28.8762676435,0.1993945158,,,,,68,74.5
G04,SYBR,,Unkn_15,MUW,2,20.2700504108,20.6931654869,0.4809189974,,,,,68,74.5
G05,SYBR,,Unkn_15,MUW,2,20.5932534334,20.6931654869,0.4809189974,,,,,68,74.5
G06,SYBR,,Unkn_15,MUW,2,21.2161926164,20.6931654869,0.4809189974,,,,,68,74.5
G07,SYBR,,Unkn_23,RXY,2,33.8367427735,33.3417442922,0.4322967091,,,,,68,84
G08,SYBR,,Unkn_23,RXY,2,33.0384523793,33.3417442922,0.4322967091,,,,,68,84.5
G09,SYBR,,Unkn_23,RXY,2,33.1500377239,33.3417442922,0.4322967091,,,,,68,84.5
G10,SYBR,,Pos_Ctrl,Pos_Ctrl,2,16.4992957077,17.2761968537,0.6801591065,,,,,68,74
G11,SYBR,,Pos_Ctrl,Pos_Ctrl,2,17.5649736231,17.2761968537,0.6801591065,,,,,68,74
G12,SYBR,,Pos_Ctrl,Pos_Ctrl,2,17.7643212304,17.2761968537,0.6801591065,,,,,68,74
H01,SYBR,,Unkn_08,BUV,2,16.5819075614,16.6851692479,0.3234932514,,,,,68,74.5
H02,SYBR,,Unkn_08,BUV,2,16.4259132117,16.6851692479,0.3234932514,,,,,68,74.5
H03,SYBR,,Unkn_08,BUV,2,17.0476869705,16.6851692479,0.3234932514,,,,,68,74.5
H04,SYBR,,Unkn_16,EIJ,2,31.1350625336,30.8347420337,0.3313217897,,,,,68,74.5
H05,SYBR,,Unkn_16,EIJ,2,30.479326269,30.8347420337,0.3313217897,,,,,68,74.5
H06,SYBR,,Unkn_16,EIJ,2,30.8898372985,30.8347420337,0.3313217897,,,,,68,73
H07,SYBR,,Unkn_24,BTY,2,31.3704084701,32.6309924931,1.2007636324,,,,,68,74.5
H08,SYBR,,Unkn_24,BTY,2,32.761255264,32.6309924931,1.2007636324,,,,,68,74
H09,SYBR,,Unkn_24,BTY,2,33.7613137454,32.6309924931,1.2007636324,,,,,68,74
H10,SYBR,,NTC,Neg_Ctrl,2,34.3638679318,34.5375179744,0.2455782454,,,,,68,None
H11,SYBR,,NTC,Neg_Ctrl,2,34.7111680171,34.5375179744,0.2455782454,,,,,68,None
H12,SYBR,,NTC,Neg_Ctrl,2,,0,0,,,,,68,None
A01,SYBR,,Unkn_01,GQU,3,36.5323038358,36.0955422684,0.5587263457,,,,,68,None
A02,SYBR,,Unkn_01,GQU,3,35.465938152,36.0955422684,0.5587263457,,,,,68,None
A03,SYBR,,Unkn_01,GQU,3,36.2883848173,36.0955422684,0.5587263457,,,,,68,None
A04,SYBR,,Unkn_09,ALS,3,33.790571845,34.1244633955,0.6641955714,,,,,68,None
A05,SYBR,,Unkn_09,ALS,3,34.8893582334,34.1244633955,0.6641955714,,,,,68,None
A06,SYBR,,Unkn_09,ALS,3,33.6934601082,34.1244633955,0.6641955714,,,,,68,None
A07,SYBR,,Unkn_17,EFV,3,35.532359434,35.4719746958,0.3323566122,,,,,68,None
A08,SYBR,,Unkn_17,EFV,3,35.7699989933,35.4719746958,0.3323566122,,,,,68,None
A09,SYBR,,Unkn_17,EFV,3,35.1135656602,35.4719746958,0.3323566122,,,,,68,None
A10,SYBR,,Unkn_25,LPV,3,24.7007047043,25.339150172,0.7149243112,,,,,68,73.5
A11,SYBR,,Unkn_25,LPV,3,25.2051540743,25.339150172,0.7149243112,,,,,68,73.5
A12,SYBR,,Unkn_25,LPV,3,26.1115917375,25.339150172,0.7149243112,,,,,68,74
B01,SYBR,,Unkn_02,DFV,3,28.6545341621,29.2978026816,0.5893385719,,,,,68,74.5
B02,SYBR,,Unkn_02,DFV,3,29.8117236054,29.2978026816,0.5893385719,,,,,68,74.5
B03,SYBR,,Unkn_02,DFV,3,29.4271502773,29.2978026816,0.5893385719,,,,,68,74.5
B04,SYBR,,Unkn_10,FHR,3,19.7439298658,20.2874865424,0.6232616892,,,,,68,74.5
B05,SYBR,,Unkn_10,FHR,3,20.1507740759,20.2874865424,0.6232616892,,,,,68,74.5
B06,SYBR,,Unkn_10,FHR,3,20.9677556856,20.2874865424,0.6232616892,,,,,68,74.5
B07,SYBR,,Unkn_18,BFN,3,19.3219176727,20.1382066533,0.8609411165,,,,,68,74.5
B08,SYBR,,Unkn_18,BFN,3,20.0549512747,20.1382066533,0.8609411165,,,,,68,74.5
B09,SYBR,,Unkn_18,BFN,3,21.0377510125,20.1382066533,0.8609411165,,,,,68,74.5
B10,SYBR,,Unkn_26,EIL,3,15.0315321083,16.2883902191,1.3548225089,,,,,68,74.5
B11,SYBR,,Unkn_26,EIL,3,16.1101131336,16.2883902191,1.3548225089,,,,,68,74.5
B12,SYBR,,Unkn_26,EIL,3,17.7235254152,16.2883902191,1.3548225089,,,,,68,73.5
C01,SYBR,,Unkn_03,PQV,3,35.1751267494,35.2061185622,0.1935403425,,,,,68,None
C02,SYBR,,Unkn_03,PQV,3,35.0299441923,35.2061185622,0.1935403425,,,,,68,None
C03,SYBR,,Unkn_03,PQV,3,35.4132847449,35.2061185622,0.1935403425,,,,,68,None
C04,SYBR,,Unkn_11,FHV,3,32.5151661263,32.2142796582,0.3556879469,,,,,68,84.5
C05,SYBR,,Unkn_11,FHV,3,31.8217322821,32.2142796582,0.3556879469,,,,,68,84.5
C06,SYBR,,Unkn_11,FHV,3,32.3059405661,32.2142796582,0.3556879469,,,,,68,None
C07,SYBR,,Unkn_19,MTZ,3,28.8133531676,28.8964962039,0.1245798325,,,,,68,74.5
C08,SYBR,,Unkn_19,MTZ,3,29.0397316847,28.8964962039,0.1245798325,,,,,68,74.5
C09,SYBR,,Unkn_19,MTZ,3,28.8364037595,28.8964962039,0.1245798325,,,,,68,74.5
C10,SYBR,,Unkn_27,GMN,3,34.7153466603,34.4672678168,0.9115890626,,,,,68,None
C11,SYBR,,Unkn_27,GMN,3,33.457317968,34.4672678168,0.9115890626,,,,,68,74.5
C12,SYBR,,Unkn_27,GMN,3,35.229138822,34.4672678168,0.9115890626,,,,,68,None
D01,SYBR,,Unkn_04,BHY,3,26.2909231969,26.7150677835,0.3673475475,,,,,68,74.5
D02,SYBR,,Unkn_04,BHY,3,26.9316398438,26.7150677835,0.3673475475,,,,,68,74.5
D03,SYBR,,Unkn_04,BHY,3,26.9226403097,26.7150677835,0.3673475475,,,,,68,74.5
D04,SYBR,,Unkn_12,FIU,3,16.2711596591,17.2256530276,0.9028467729,,,,,68,74.5
D05,SYBR,,Unkn_12,FIU,3,17.3398031649,17.2256530276,0.9028467729,,,,,68,74.5
D06,SYBR,,Unkn_12,FIU,3,18.0659962588,17.2256530276,0.9028467729,,,,,68,74.5
D07,SYBR,,Unkn_20,CDZ,3,27.9638088303,28.711765308,0.6541144755,,,,,68,75
D08,SYBR,,Unkn_20,CDZ,3,28.9947129052,28.711765308,0.6541144755,,,,,68,74.5
D09,SYBR,,Unkn_20,CDZ,3,29.1767741885,28.711765308,0.6541144755,,,,,68,74.5
D10,SYBR,,Unkn_28,NSU,3,27.9553935647,28.144858908,0.3560272159,,,,,68,76.5
D11,SYBR,,Unkn_28,NSU,3,27.9236287001,28.144858908,0.3560272159,,,,,68,76.5
D12,SYBR,,Unkn_28,NSU,3,28.5555544592,28.144858908,0.3560272159,,,,,68,76.5
E01,SYBR,,Unkn_05,CNR,3,23.1196746517,23.4207957294,0.260782967,,,,,68,74.5
E02,SYBR,,Unkn_05,CNR,3,23.5698303813,23.4207957294,0.260782967,,,,,68,74.5
E03,SYBR,,Unkn_05,CNR,3,23.5728821552,23.4207957294,0.260782967,,,,,68,74.5
E04,SYBR,,Unkn_13,AOU,3,27.7953747559,28.5823767208,0.717638093,,,,,68,74.5
E05,SYBR,,Unkn_13,AOU,3,28.7512104757,28.5823767208,0.717638093,,,,,68,74.5
E06,SYBR,,Unkn_13,AOU,3,29.2005449306,28.5823767208,0.717638093,,,,,68,74.5
E07,SYBR,,Unkn_21,AOQ,3,32.5809526646,32.9769127623,0.3698366899,,,,,68,None
E08,SYBR,,Unkn_21,AOQ,3,33.3134239556,32.9769127623,0.3698366899,,,,,68,84
E09,SYBR,,Unkn_21,AOQ,3,33.0363616667,32.9769127623,0.3698366899,,,,,68,84
E10,SYBR,,Pos_Ctrl,Pos_Ctrl,3,22.3902537482,22.3902537482,0,,,,,68,74
E11,SYBR,,Pos_Ctrl,Pos_Ctrl,3,22.6901344631,22.6901344631,0,,,,,68,74
E12,SYBR,,Pos_Ctrl,Pos_Ctrl,3,23.1042648517,23.1042648517,0,,,,,68,74
F01,SYBR,,Unkn_06,GHT,3,35.2674044596,34.5698444363,0.6124929599,,,,,68,None
F02,SYBR,,Unkn_06,GHT,3,34.3220848994,34.5698444363,0.6124929599,,,,,68,None
F03,SYBR,,Unkn_06,GHT,3,34.1200439499,34.5698444363,0.6124929599,,,,,68,None
F04,SYBR,,Unkn_14,AIR,3,16.1470162778,16.9007138592,0.6839776233,,,,,68,74.5
F05,SYBR,,Unkn_14,AIR,3,17.0731602134,16.9007138592,0.6839776233,,,,,68,74.5
F06,SYBR,,Unkn_14,AIR,3,17.4819650864,16.9007138592,0.6839776233,,,,,68,74.5
F07,SYBR,,Unkn_22,DES,3,35.6033587549,35.3666052446,0.2710368194,,,,,68,None
F08,SYBR,,Unkn_22,DES,3,35.0709665674,35.3666052446,0.2710368194,,,,,68,None
F09,SYBR,,Unkn_22,DES,3,35.4254904114,35.3666052446,0.2710368194,,,,,68,None
F10,SYBR,,Unkn_30,QVW,3,28.3474332379,28.9745412833,0.9258794545,,,,,68,74.5
F11,SYBR,,Unkn_30,QVW,3,28.5382257249,28.9745412833,0.9258794545,,,,,68,74.5
F12,SYBR,,Unkn_30,QVW,3,30.0379648873,28.9745412833,0.9258794545,,,,,68,74.5
G01,SYBR,,Unkn_07,CDS,3,24.916538714,25.4538617459,0.6296842119,,,,,68,74.5
G02,SYBR,,Unkn_07,CDS,3,25.2983002352,25.4538617459,0.6296842119,,,,,68,74.5
G03,SYBR,,Unkn_07,CDS,3,26.1467462884,25.4538617459,0.6296842119,,,,,68,74.5
G04,SYBR,,Unkn_15,FPS,3,20.0963885257,20.8121714352,0.6203108263,,,,,68,74.5
G05,SYBR,,Unkn_15,FPS,3,21.193011553,20.8121714352,0.6203108263,,,,,68,74.5
G06,SYBR,,Unkn_15,FPS,3,21.1471142269,20.8121714352,0.6203108263,,,,,68,74.5
G07,SYBR,,Unkn_23,SVY,3,33.5608254806,33.2382994506,0.3871909819,,,,,68,83.5
G08,SYBR,,Unkn_23,SVY,3,33.3451773994,33.2382994506,0.3871909819,,,,,68,84.5
G09,SYBR,,Unkn_23,SVY,3,32.8088954718,33.2382994506,0.3871909819,,,,,68,84
G10,SYBR,,Unkn_29,ADP,3,21.9485431759,22.2827541099,0.432634438,,,,,68,74.5
G11,SYBR,,Unkn_29,ADP,3,22.1283011131,22.2827541099,0.432634438,,,,,68,74.5
G12,SYBR,,Unkn_29,ADP,3,22.7714180407,22.2827541099,0.432634438,,,,,68,74.5
H01,SYBR,,Unkn_08,EGN,3,29.2326598845,29.5140147958,0.2487533457,,,,,68,74.5
H02,SYBR,,Unkn_08,EGN,3,29.6046144379,29.5140147958,0.2487533457,,,,,68,74.5
H03,SYBR,,Unkn_08,EGN,3,29.704770065,29.5140147958,0.2487533457,,,,,68,74.5
H04,SYBR,,NTC,Neg_Ctrl,3,,0,0,,,,,68,None
H05,SYBR,,NTC,Neg_Ctrl,3,,0,0,,,,,68,None
H06,SYBR,,NTC,Neg_Ctrl,3,34.3739025739,34.3739025739,0,,,,,68,None
H07,SYBR,,Unkn_24,AKQ,3,18.1255570932,18.007461558,0.1033120884,,,,,68,74.5
H08,SYBR,,Unkn_24,AKQ,3,17.9338031426,18.007461558,0.1033120884,,,,,68,74
H09,SYBR,,Unkn_24,AKQ,3,17.9630244383,18.007461558,0.1033120884,,,,,68,74
H10,SYBR,,Unkn_16,DFL,3,15.0725763437,15.2150214316,0.2066284544,,,,,68,74
H11,SYBR,,Unkn_16,DFL,3,15.1204809945,15.2150214316,0.2066284544,,,,,68,72.5
H12,SYBR,,Unkn_16,DFL,3,15.4520069566,15.2150214316,0.2066284544,,,,,68,74.5
A01,SYBR,,Unkn_01,KOT,4,21.3746129404,21.9587368899,0.5424951422,,,,,68,74.5
A02,SYBR,,Unkn_01,KOT,4,22.0548386951,21.9587368899,0.5424951422,,,,,68,74.5
A03,SYBR,,Unkn_01,KOT,4,22.4467590342,21.9587368899,0.5424951422,,,,,68,74.5
A04,SYBR,,Unkn_08,KNO,4,36.04771733,35.6396769066,0.3923797094,,,,,68,None
A05,SYBR,,Unkn_08,KNO,4,35.6062119531,35.6396769066,0.3923797094,,,,,68,None
A06,SYBR,,Unkn_08,KNO,4,35.2651014368,35.6396769066,0.3923797094,,,,,68,None
A07,SYBR,,Unkn_16,CRW,4,35.2576574036,34.7400182102,0.4485640061,,,,,68,None
A08,SYBR,,Unkn_16,CRW,4,34.4654850305,34.7400182102,0.4485640061,,,,,68,None
A09,SYBR,,Unkn_16,CRW,4,34.4969121966,34.7400182102,0.4485640061,,,,,68,None
A10,SYBR,,Unkn_24,EPS,4,36.5137054745,36.5024096236,0.9553967632,,,,,68,None
A11,SYBR,,Unkn_24,EPS,4,35.5414150187,36.5024096236,0.9553967632,,,,,68,None
A12,SYBR,,Unkn_24,EPS,4,37.4521083776,36.5024096236,0.9553967632,,,,,68,None
B01,SYBR,,Unkn_02,CER,4,20.0594955737,20.7794174871,0.628177383,,,,,68,74.5
B02,SYBR,,Unkn_02,CER,4,21.0626245939,20.7794174871,0.628177383,,,,,68,74.5
B03,SYBR,,Unkn_02,CER,4,21.2161322938,20.7794174871,0.628177383,,,,,68,74.5
B04,SYBR,,Unkn_09,CPS,4,16.0398723714,16.8002635168,0.6649422558,,,,,68,74.5
B05,SYBR,,Unkn_09,CPS,4,17.0882518061,16.8002635168,0.6649422558,,,,,68,74.5
B06,SYBR,,Unkn_09,CPS,4,17.2726663729,16.8002635168,0.6649422558,,,,,68,74.5
B07,SYBR,,Unkn_17,FPY,4,33.3632122133,33.281809272,0.1837293109,,,,,68,84.5
B08,SYBR,,Unkn_17,FPY,4,33.0714415686,33.281809272,0.1837293109,,,,,68,84.5
B09,SYBR,,Unkn_17,FPY,4,33.4107740341,33.281809272,0.1837293109,,,,,68,None
B10,SYBR,,Unkn_25,KOX,4,33.8240539046,33.6120616373,0.1836151096,,,,,68,None
B11,SYBR,,Unkn_25,KOX,4,33.5030709371,33.6120616373,0.1836151096,,,,,68,None
B12,SYBR,,Unkn_25,KOX,4,33.5090600703,33.6120616373,0.1836151096,,,,,68,None
C01,SYBR,,Unkn_03,BKM,4,30.5914988772,30.9774774053,0.3351983565,,,,,68,74.5
C02,SYBR,,Unkn_03,BKM,4,31.1454992878,30.9774774053,0.3351983565,,,,,68,74.5
C03,SYBR,,Unkn_03,BKM,4,31.1954340508,30.9774774053,0.3351983565,,,,,68,74.5
C04,SYBR,,Unkn_10,CSV,4,19.0188944345,20.0203103991,0.9912162332,,,,,68,74.5
C05,SYBR,,Unkn_10,CSV,4,20.0410348709,20.0203103991,0.9912162332,,,,,68,74.5
C06,SYBR,,Unkn_10,CSV,4,21.0010018919,20.0203103991,0.9912162332,,,,,68,74.5
C07,SYBR,,Unkn_18,JNR,4,17.0190612827,18.3236324952,1.6879720635,,,,,68,74.5
C08,SYBR,,Unkn_18,JNR,4,17.7217968351,18.3236324952,1.6879720635,,,,,68,74.5
C09,SYBR,,Unkn_18,JNR,4,20.2300393678,18.3236324952,1.6879720635,,,,,68,74.5
C10,SYBR,,Unkn_26,BPU,4,22.6720294902,23.2044718746,0.4639596093,,,,,68,74.5
C11,SYBR,,Unkn_26,BPU,4,23.5220481979,23.2044718746,0.4639596093,,,,,68,74.5
C12,SYBR,,Unkn_26,BPU,4,23.4193379358,23.2044718746,0.4639596093,,,,,68,74.5
D01,SYBR,,Unkn_04,DGM,4,36.0536678234,35.5083616496,0.7806979893,,,,,68,None
D02,SYBR,,Unkn_04,DGM,4,35.8573758636,35.5083616496,0.7806979893,,,,,68,None
D03,SYBR,,Unkn_04,DGM,4,34.6140412617,35.5083616496,0.7806979893,,,,,68,None
D04,SYBR,,Unkn_11,AIS,4,17.2811393194,17.7840070117,0.4362560115,,,,,68,74.5
D05,SYBR,,Unkn_11,AIS,4,18.0611774194,17.7840070117,0.4362560115,,,,,68,74.5
D06,SYBR,,Unkn_11,AIS,4,18.0097042964,17.7840070117,0.4362560115,,,,,68,74.5
D07,SYBR,,Unkn_19,BFX,4,18.0881438645,18.9041443362,1.0084034693,,,,,68,74.5
D08,SYBR,,Unkn_19,BFX,4,18.5927802836,18.9041443362,1.0084034693,,,,,68,74.5
D09,SYBR,,Unkn_19,BFX,4,20.0315088606,18.9041443362,1.0084034693,,,,,68,74.5
D10,SYBR,,Unkn_27,AEL,4,26.0508882957,26.8361691746,0.6927767283,,,,,68,74.5
D11,SYBR,,Unkn_27,AEL,4,27.0967488277,26.8361691746,0.6927767283,,,,,68,74.5
D12,SYBR,,Unkn_27,AEL,4,27.3608704003,26.8361691746,0.6927767283,,,,,68,74.5
E01,SYBR,,Unkn_05,ABY,4,17.4868641885,17.9172019239,0.3919121456,,,,,68,74.5
E02,SYBR,,Unkn_05,ABY,4,18.2536234409,17.9172019239,0.3919121456,,,,,68,74.5
E03,SYBR,,Unkn_05,ABY,4,18.0111181423,17.9172019239,0.3919121456,,,,,68,74.5
E04,SYBR,,Unkn_12,BHT,4,15.3980521477,16.2762292596,0.8547484942,,,,,68,74.5
E05,SYBR,,Unkn_12,BHT,4,16.3251912869,16.2762292596,0.8547484942,,,,,68,74.5
E06,SYBR,,Unkn_12,BHT,4,17.1054443443,16.2762292596,0.8547484942,,,,,68,74.5
E07,SYBR,,Unkn_20,FNP,4,18.0077036014,18.9912822096,1.0286286414,,,,,68,74.5
E08,SYBR,,Unkn_20,FNP,4,18.9064375544,18.9912822096,1.0286286414,,,,,68,74.5
E09,SYBR,,Unkn_20,FNP,4,20.059705473,18.9912822096,1.0286286414,,,,,68,74.5
E10,SYBR,,Unkn_28,APU,4,25.6315107129,26.5923195885,0.8342104844,,,,,68,74.5
E11,SYBR,,Unkn_28,APU,4,27.0132104929,26.5923195885,0.8342104844,,,,,68,74.5
E12,SYBR,,Unkn_28,APU,4,27.1322375598,26.5923195885,0.8342104844,,,,,68,74.5
F01,SYBR,,Unkn_06,ETX,4,23.3953900743,23.6268363531,0.2005857971,,,,,68,74.5
F02,SYBR,,Unkn_06,ETX,4,23.7348700808,23.6268363531,0.2005857971,,,,,68,74.5
F03,SYBR,,Unkn_06,ETX,4,23.750248904,23.6268363531,0.2005857971,,,,,68,74.5
F04,SYBR,,Unkn_13,HJN,4,20.0335285884,20.9711710822,0.9293922408,,,,,68,74.5
F05,SYBR,,Unkn_13,HJN,4,20.9878973693,20.9711710822,0.9293922408,,,,,68,74.5
F06,SYBR,,Unkn_13,HJN,4,21.8920872888,20.9711710822,0.9293922408,,,,,68,74.5
F07,SYBR,,Unkn_21,BLR,4,23.4267137244,24.1149477801,0.7903388211,,,,,68,74.5
F08,SYBR,,Unkn_21,BLR,4,23.9400408532,24.1149477801,0.7903388211,,,,,68,74.5
F09,SYBR,,Unkn_21,BLR,4,24.9780887627,24.1149477801,0.7903388211,,,,,68,74.5
F10,SYBR,,Unkn_29,HJQ,4,33.6627896176,33.6642826132,0.2961135337,,,,,68,None
F11,SYBR,,Unkn_29,HJQ,4,33.3689184002,33.6642826132,0.2961135337,,,,,68,None
F12,SYBR,,Unkn_29,HJQ,4,33.9611398218,33.6642826132,0.2961135337,,,,,68,None
G01,SYBR,,Unkn_07,FOX,4,36.1210902908,36.4550389967,0.5655958529,,,,,68,None
G02,SYBR,,Unkn_07,FOX,4,37.1080764784,36.4550389967,0.5655958529,,,,,68,None
G03,SYBR,,Unkn_07,FOX,4,36.1359502207,36.4550389967,0.5655958529,,,,,68,75
G04,SYBR,,Unkn_14,JLZ,4,33.1927309234,33.4427302644,0.2896006799,,,,,68,84
G05,SYBR,,Unkn_14,JLZ,4,33.7600676611,33.4427302644,0.2896006799,,,,,68,None
G06,SYBR,,Unkn_14,JLZ,4,33.3753922086,33.4427302644,0.2896006799,,,,,68,84
G07,SYBR,,Unkn_22,ILQ,4,37.6408675939,37.6619434452,0.1877404437,,,,,68,None
G08,SYBR,,Unkn_22,ILQ,4,37.4856302788,37.6619434452,0.1877404437,,,,,68,None
G09,SYBR,,Unkn_22,ILQ,4,37.8593324627,37.6619434452,0.1877404437,,,,,68,None
G10,SYBR,,Unkn_30,NTY,4,17.791286959,18.1642550276,0.7524597907,,,,,68,74.5
G11,SYBR,,Unkn_30,NTY,4,17.671131196,18.1642550276,0.7524597907,,,,,68,74.5
G12,SYBR,,Unkn_30,NTY,4,19.0303469278,18.1642550276,0.7524597907,,,,,68,74.5
H01,SYBR,,NTC,Neg_Ctrl,4,,0,0,,,,,68,None
H02,SYBR,,NTC,Neg_Ctrl,4,36.1957973006,36.1957973006,0,,,,,68,None
H03,SYBR,,NTC,Neg_Ctrl,4,36.532390407,36.532390407,0,,,,,68,None
H04,SYBR,,Unkn_15,JOW,4,22.715849795,23.6815301868,1.0093190908,,,,,68,74.5
H05,SYBR,,Unkn_15,JOW,4,23.5992853779,23.6815301868,1.0093190908,,,,,68,74.5
H06,SYBR,,Unkn_15,JOW,4,24.7294553875,23.6815301868,1.0093190908,,,,,68,74.5
H07,SYBR,,Unkn_23,HLP,4,16.8646781094,17.2891173378,0.4986981818,,,,,68,74.5
H08,SYBR,,Unkn_23,HLP,4,17.1643081957,17.2891173378,0.4986981818,,,,,68,74.5
H09,SYBR,,Unkn_23,HLP,4,17.8383657084,17.2891173378,0.4986981818,,,,,68,74.5
H10,SYBR,,Pos_Ctrl,Pos_Ctrl,4,17.1772506579,17.1772506579,0,,,,,68,74
H11,SYBR,,Pos_Ctrl,Pos_Ctrl,4,18.0435656419,18.0435656419,0,,,,,68,74
H12,SYBR,,Pos_Ctrl,Pos_Ctrl,4,19.2958004918,19.2958004918,0,,,,,68,74
A01,SYBR,,Unkn_01,GHI,5,27.3634135703,28.1023852579,0.7939380403,,,,,68,74.5
A02,SYBR,,Unkn_01,GHI,5,28.0020006457,28.1023852579,0.7939380403,,,,,68,74.5
A03,SYBR,,Unkn_01,GHI,5,28.9417415578,28.1023852579,0.7939380403,,,,,68,74.5
A04,SYBR,,Unkn_08,FGT,5,32.9545969526,32.8520363342,0.1267496257,,,,,68,None
A05,SYBR,,Unkn_08,FGT,5,32.71033226,32.8520363342,0.1267496257,,,,,68,None
A06,SYBR,,Unkn_08,FGT,5,32.8911797901,32.8520363342,0.1267496257,,,,,68,None
A07,SYBR,,Unkn_16,LOX,5,29.3234576001,29.7097153647,0.679049026,,,,,68,74.5
A08,SYBR,,Unkn_16,LOX,5,29.3119032313,29.7097153647,0.679049026,,,,,68,74.5
A09,SYBR,,Unkn_16,LOX,5,30.4937852628,29.7097153647,0.679049026,,,,,68,74.5
A10,SYBR,,Unkn_24,MXY,5,14.17225522,15.8090978748,1.795719135,,,,,68,74
A11,SYBR,,Unkn_24,MXY,5,15.5251731565,15.8090978748,1.795719135,,,,,68,74.5
A12,SYBR,,Unkn_24,MXY,5,17.7298652479,15.8090978748,1.795719135,,,,,68,74.5
B01,SYBR,,Unkn_02,DPZ,5,16.8858826566,17.85929563,0.9167408741,,,,,68,74.5
B02,SYBR,,Unkn_02,DPZ,5,17.985774109,17.85929563,0.9167408741,,,,,68,74.5
B03,SYBR,,Unkn_02,DPZ,5,18.7062301245,17.85929563,0.9167408741,,,,,68,74.5
B04,SYBR,,Unkn_09,BKT,5,32.3386816444,32.2615471856,0.0914251423,,,,,68,84.5
B05,SYBR,,Unkn_09,BKT,5,32.1605599026,32.2615471856,0.0914251423,,,,,68,84.5
B06,SYBR,,Unkn_09,BKT,5,32.2854000097,32.2615471856,0.0914251423,,,,,68,84.5
B07,SYBR,,Unkn_17,KOQ,5,31.6680733084,31.827037823,0.3886464124,,,,,68,74.5
B08,SYBR,,Unkn_17,KOQ,5,31.5430730468,31.827037823,0.3886464124,,,,,68,74.5
B09,SYBR,,Unkn_17,KOQ,5,32.2699671139,31.827037823,0.3886464124,,,,,68,74
B10,SYBR,,Unkn_25,EMQ,5,38.0817470597,37.4414689088,1.136274488,,,,,68,None
B11,SYBR,,Unkn_25,EMQ,5,38.1131224674,37.4414689088,1.136274488,,,,,68,None
B12,SYBR,,Unkn_25,EMQ,5,36.1295371992,37.4414689088,1.136274488,,,,,68,None
C01,SYBR,,Unkn_03,NOP,5,14.868788775,15.9898716346,1.1073077401,,,,,68,74.5
C02,SYBR,,Unkn_03,NOP,5,16.017956167,15.9898716346,1.1073077401,,,,,68,74.5
C03,SYBR,,Unkn_03,NOP,5,17.0828699618,15.9898716346,1.1073077401,,,,,68,74.5
C04,SYBR,,Unkn_10,ALT,5,27.1186034401,27.9716374096,0.7641469064,,,,,68,74.5
C05,SYBR,,Unkn_10,ALT,5,28.2027822372,27.9716374096,0.7641469064,,,,,68,74.5
C06,SYBR,,Unkn_10,ALT,5,28.5935265514,27.9716374096,0.7641469064,,,,,68,74.5
C07,SYBR,,Unkn_18,BXY,5,35.8295606305,35.8441852446,0.3509437349,,,,,68,None
C08,SYBR,,Unkn_18,BXY,5,36.2022126719,35.8441852446,0.3509437349,,,,,68,None
C09,SYBR,,Unkn_18,BXY,5,35.5007824315,35.8441852446,0.3509437349,,,,,68,None
C10,SYBR,,Unkn_26,CIO,5,32.9168839851,32.9267009883,0.9301823546,,,,,68,84.5
C11,SYBR,,Unkn_26,CIO,5,32.0014659887,32.9267009883,0.9301823546,,,,,68,84.5
C12,SYBR,,Unkn_26,CIO,5,33.861752991,32.9267009883,0.9301823546,,,,,68,None
D01,SYBR,,Unkn_04,EWX,5,18.2729109252,18.8309217957,0.4835213174,,,,,68,74.5
D02,SYBR,,Unkn_04,EWX,5,19.1260754702,18.8309217957,0.4835213174,,,,,68,74.5
D03,SYBR,,Unkn_04,EWX,5,19.0937789918,18.8309217957,0.4835213174,,,,,68,74.5
D04,SYBR,,Unkn_11,EFJ,5,26.0486519124,26.7227404261,0.6669256376,,,,,68,74.5
D05,SYBR,,Unkn_11,EFJ,5,26.737304741,26.7227404261,0.6669256376,,,,,68,74.5
D06,SYBR,,Unkn_11,EFJ,5,27.3822646248,26.7227404261,0.6669256376,,,,,68,74.5
D07,SYBR,,Unkn_19,OPW,5,19.2410936955,20.003546876,0.7235249907,,,,,68,74.5
D08,SYBR,,Unkn_19,OPW,5,20.0889909906,20.003546876,0.7235249907,,,,,68,74.5
D09,SYBR,,Unkn_19,OPW,5,20.6805559417,20.003546876,0.7235249907,,,,,68,74.5
D10,SYBR,,Unkn_27,CGQ,5,18.0424037733,19.3245863525,1.5261670635,,,,,68,74
D11,SYBR,,Unkn_27,CGQ,5,18.9186858652,19.3245863525,1.5261670635,,,,,68,74.5
D12,SYBR,,Unkn_27,CGQ,5,21.012669419,19.3245863525,1.5261670635,,,,,68,74.5
E01,SYBR,,Unkn_05,ALQ,5,27.7648484952,28.9035476795,1.1057565345,,,,,68,74.5
E02,SYBR,,Unkn_05,ALQ,5,28.9726766808,28.9035476795,1.1057565345,,,,,68,74.5
E03,SYBR,,Unkn_05,ALQ,5,29.9731178624,28.9035476795,1.1057565345,,,,,68,74.5
E04,SYBR,,Unkn_12,PRY,5,18.9060197366,19.744301288,0.8537137123,,,,,68,74.5
E05,SYBR,,Unkn_12,PRY,5,19.7142314972,19.744301288,0.8537137123,,,,,68,74.5
E06,SYBR,,Unkn_12,PRY,5,20.6126526302,19.744301288,0.8537137123,,,,,68,74.5
E07,SYBR,,Unkn_20,BOU,5,33.9742368635,33.926115189,0.2399351062,,,,,68,None
E08,SYBR,,Unkn_20,BOU,5,33.665766215,33.926115189,0.2399351062,,,,,68,None
E09,SYBR,,Unkn_20,BOU,5,34.1383424883,33.926115189,0.2399351062,,,,,68,None
E10,SYBR,,Unkn_28,PVW,5,14.5889021833,15.5077058104,1.1179452267,,,,,68,74.5
E11,SYBR,,Unkn_28,PVW,5,15.1818360461,15.5077058104,1.1179452267,,,,,68,74.5
E12,SYBR,,Unkn_28,PVW,5,16.7523792018,15.5077058104,1.1179452267,,,,,68,74
F01,SYBR,,Unkn_06,DRW,5,20.3535928021,21.6529751705,1.473047909,,,,,68,74.5
F02,SYBR,,Unkn_06,DRW,5,21.3521011346,21.6529751705,1.473047909,,,,,68,74.5
F03,SYBR,,Unkn_06,DRW,5,23.2532315749,21.6529751705,1.473047909,,,,,68,74.5
F04,SYBR,,Unkn_13,WXZ,5,27.4573903316,28.5891899213,1.4614948219,,,,,68,74.5
F05,SYBR,,Unkn_13,WXZ,5,28.0710051342,28.5891899213,1.4614948219,,,,,68,74.5
F06,SYBR,,Unkn_13,WXZ,5,30.2391742982,28.5891899213,1.4614948219,,,,,68,74.5
F07,SYBR,,Unkn_21,DJW,5,28.0913011605,28.860604284,0.7317055126,,,,,68,74.5
F08,SYBR,,Unkn_21,DJW,5,28.9427290115,28.860604284,0.7317055126,,,,,68,74.5
F09,SYBR,,Unkn_21,DJW,5,29.5477826799,28.860604284,0.7317055126,,,,,68,74.5
F10,SYBR,,Unkn_29,NOQ,5,20.5669652648,21.2698670336,0.8303722499,,,,,68,74.5
F11,SYBR,,Unkn_29,NOQ,5,21.056548141,21.2698670336,0.8303722499,,,,,68,74.5
F12,SYBR,,Unkn_29,NOQ,5,22.1860876949,21.2698670336,0.8303722499,,,,,68,72.5
G01,SYBR,,Unkn_07,ORX,5,33.5436698338,35.0966299937,1.3655470948,,,,,68,75
G02,SYBR,,Unkn_07,ORX,5,35.6365621406,35.0966299937,1.3655470948,,,,,68,None
G03,SYBR,,Unkn_07,ORX,5,36.1096580065,35.0966299937,1.3655470948,,,,,68,None
G04,SYBR,,Unkn_14,AGM,5,29.5085781728,30.4547843367,0.9937374952,,,,,68,74.5
G05,SYBR,,Unkn_14,AGM,5,30.3657178437,30.4547843367,0.9937374952,,,,,68,74
G06,SYBR,,Unkn_14,AGM,5,31.4900569935,30.4547843367,0.9937374952,,,,,68,85
G07,SYBR,,Unkn_22,KNW,5,24.7512845498,25.3756577718,0.5827092527,,,,,68,73.5
G08,SYBR,,Unkn_22,KNW,5,25.4706609742,25.3756577718,0.5827092527,,,,,68,74
G09,SYBR,,Unkn_22,KNW,5,25.9050277913,25.3756577718,0.5827092527,,,,,68,74.5
G10,SYBR,,Unkn_30,BQX,5,31.1089331604,31.8582202536,1.1074166919,,,,,68,74.5
G11,SYBR,,Unkn_30,BQX,5,31.3354796191,31.8582202536,1.1074166919,,,,,68,74.5
G12,SYBR,,Unkn_30,BQX,5,33.1302479812,31.8582202536,1.1074166919,,,,,68,74.5
H01,SYBR,,Unkn_15,LMY,5,25.5053118641,26.5423543853,1.1243275833,,,,,68,74.5
H02,SYBR,,Unkn_15,LMY,5,26.3844736785,26.5423543853,1.1243275833,,,,,68,74.5
H03,SYBR,,Unkn_15,LMY,5,27.7372776133,26.5423543853,1.1243275833,,,,,68,74.5
H04,SYBR,,NTC,Neg_Ctrl,5,,0,0,,,,,68,None
H05,SYBR,,NTC,Neg_Ctrl,5,,0,0,,,,,68,None
H06,SYBR,,NTC,Neg_Ctrl,5,,0,0,,,,,68,None
H07,SYBR,,Unkn_23,HLV,5,27.0806656674,27.3489165011,0.3882155553,,,,,68,73.5
H08,SYBR,,Unkn_23,HLV,5,27.1720074584,27.3489165011,0.3882155553,,,,,68,74.5
H09,SYBR,,Unkn_23,HLV,5,27.7940763776,27.3489165011,0.3882155553,,,,,68,74.5
H10,SYBR,,Pos_Ctrl,Pos_Ctrl,5,16.5544991997,16.5544991997,0,,,,,68,74
H11,SYBR,,Pos_Ctrl,Pos_Ctrl,5,16.6419558914,16.6419558914,0,,,,,68,73
H12,SYBR,,Pos_Ctrl,Pos_Ctrl,5,17.9684386596,17.9684386596,0,,,,,68,74
A01,SYBR,,Unkn_01,BIN,6,33.884565364,34.0114729728,1.0548472874,,,,,68,74.5
A02,SYBR,,Unkn_01,BIN,6,33.0258206607,34.0114729728,1.0548472874,,,,,68,74.5
A03,SYBR,,Unkn_01,BIN,6,35.1240328938,34.0114729728,1.0548472874,,,,,68,None
A04,SYBR,,Unkn_08,ENO,6,21.1142199237,21.6294210986,0.4759386795,,,,,68,74.5
A05,SYBR,,Unkn_08,ENO,6,21.7213610732,21.6294210986,0.4759386795,,,,,68,74.5
A06,SYBR,,Unkn_08,ENO,6,22.0526822989,21.6294210986,0.4759386795,,,,,68,74.5
A07,SYBR,,Unkn_16,FMY,6,32.6559268128,33.2564507978,0.7189445906,,,,,68,74.5
A08,SYBR,,Unkn_16,FMY,6,33.0603162434,33.2564507978,0.7189445906,,,,,68,74.5
A09,SYBR,,Unkn_16,FMY,6,34.0531093373,33.2564507978,0.7189445906,,,,,68,74.5
A10,SYBR,,Unkn_24,NXZ,6,24.2046659688,24.6474571856,0.527181783,,,,,68,74.5
A11,SYBR,,Unkn_24,NXZ,6,24.5070896312,24.6474571856,0.527181783,,,,,68,74.5
A12,SYBR,,Unkn_24,NXZ,6,25.2306159569,24.6474571856,0.527181783,,,,,68,74.5
B01,SYBR,,Unkn_02,KNV,6,28.9329225177,29.4406095909,0.815816711,,,,,68,74.5
B02,SYBR,,Unkn_02,KNV,6,29.0072506226,29.4406095909,0.815816711,,,,,68,74.5
B03,SYBR,,Unkn_02,KNV,6,30.3816556323,29.4406095909,0.815816711,,,,,68,74.5
B04,SYBR,,Unkn_09,HTY,6,30.9741871403,31.9728322617,0.9491531248,,,,,68,74.5
B05,SYBR,,Unkn_09,HTY,6,32.0811016349,31.9728322617,0.9491531248,,,,,68,74.5
B06,SYBR,,Unkn_09,HTY,6,32.8632080099,31.9728322617,0.9491531248,,,,,68,74.5
B07,SYBR,,Unkn_17,FNU,6,37.4926182127,36.4886445268,1.2993489629,,,,,68,None
B08,SYBR,,Unkn_17,FNU,6,36.9522328265,36.4886445268,1.2993489629,,,,,68,None
B09,SYBR,,Unkn_17,FNU,6,35.0210825413,36.4886445268,1.2993489629,,,,,68,None
B10,SYBR,,Unkn_25,ALW,6,25.3278416918,26.2167812489,1.1192527479,,,,,68,74.5
B11,SYBR,,Unkn_25,ALW,6,25.8488062222,26.2167812489,1.1192527479,,,,,68,74.5
B12,SYBR,,Unkn_25,ALW,6,27.4736958327,26.2167812489,1.1192527479,,,,,68,73.5
C01,SYBR,,Unkn_03,HIM,6,29.0827581887,29.5058777614,0.7808033899,,,,,68,74.5
C02,SYBR,,Unkn_03,HIM,6,29.0279585386,29.5058777614,0.7808033899,,,,,68,74.5
C03,SYBR,,Unkn_03,HIM,6,30.4069165569,29.5058777614,0.7808033899,,,,,68,74.5
C04,SYBR,,Unkn_10,JMO,6,25.5780314402,25.8991481423,0.2826694844,,,,,68,74.5
C05,SYBR,,Unkn_10,JMO,6,26.0090598237,25.8991481423,0.2826694844,,,,,68,74.5
C06,SYBR,,Unkn_10,JMO,6,26.1103531631,25.8991481423,0.2826694844,,,,,68,74.5
C07,SYBR,,Unkn_18,LOW,6,30.0309513897,31.1775889627,1.3940385159,,,,,68,74.5
C08,SYBR,,Unkn_18,LOW,6,30.772511055,31.1775889627,1.3940385159,,,,,68,74.5
C09,SYBR,,Unkn_18,LOW,6,32.7293044433,31.1775889627,1.3940385159,,,,,68,74.5
C10,SYBR,,Unkn_26,MWZ,6,25.6079148241,26.4193989999,0.8585960448,,,,,68,74.5
C11,SYBR,,Unkn_26,MWZ,6,26.3318792482,26.4193989999,0.8585960448,,,,,68,74.5
C12,SYBR,,Unkn_26,MWZ,6,27.3184029274,26.4193989999,0.8585960448,,,,,68,73.5
D01,SYBR,,Unkn_04,PSV,6,15.2465609833,15.947864104,0.6143235005,,,,,68,74.5
D02,SYBR,,Unkn_04,PSV,6,16.2061911658,15.947864104,0.6143235005,,,,,68,74.5
D03,SYBR,,Unkn_04,PSV,6,16.3908401628,15.947864104,0.6143235005,,,,,68,74.5
D04,SYBR,,Unkn_11,ERU,6,32.057812342,31.8337013141,0.1956103459,,,,,68,74.5
D05,SYBR,,Unkn_11,ERU,6,31.7460198193,31.8337013141,0.1956103459,,,,,68,None
D06,SYBR,,Unkn_11,ERU,6,31.697271781,31.8337013141,0.1956103459,,,,,68,84.5
D07,SYBR,,Unkn_19,AJX,6,27.1048801019,27.6484483447,0.4712182047,,,,,68,75
D08,SYBR,,Unkn_19,AJX,6,27.8990955173,27.6484483447,0.4712182047,,,,,68,74.5
D09,SYBR,,Unkn_19,AJX,6,27.9413694148,27.6484483447,0.4712182047,,,,,68,74.5
D10,SYBR,,Unkn_27,BOS,6,21.2971159276,21.8240943692,0.8811832585,,,,,68,74.5
D11,SYBR,,Unkn_27,BOS,6,21.3337903645,21.8240943692,0.8811832585,,,,,68,74.5
D12,SYBR,,Unkn_27,BOS,6,22.8413768154,21.8240943692,0.8811832585,,,,,68,74.5
E01,SYBR,,Unkn_05,OQX,6,12.7927913054,15.5375933049,2.4443924696,,,,,68,74.5
E02,SYBR,,Unkn_05,OQX,6,16.3402566166,15.5375933049,2.4443924696,,,,,68,74.5
E03,SYBR,,Unkn_05,OQX,6,17.4797319926,15.5375933049,2.4443924696,,,,,68,74.5
E04,SYBR,,Unkn_12,GLO,6,27.0531696262,27.6670511599,0.5593760767,,,,,68,74.5
E05,SYBR,,Unkn_12,GLO,6,27.800027298,27.6670511599,0.5593760767,,,,,68,74.5
E06,SYBR,,Unkn_12,GLO,6,28.1479565555,27.6670511599,0.5593760767,,,,,68,74.5
E07,SYBR,,Unkn_20,GKV,6,28.994129349,29.6204625613,0.6330322626,,,,,68,74.5
E08,SYBR,,Unkn_20,GKV,6,29.6072706594,29.6204625613,0.6330322626,,,,,68,74.5
E09,SYBR,,Unkn_20,GKV,6,30.2599876756,29.6204625613,0.6330322626,,,,,68,74.5
E10,SYBR,,Unkn_28,BNW,6,21.5688501215,22.7996943645,1.1054873401,,,,,68,74.5
E11,SYBR,,Unkn_28,BNW,6,23.1220821943,22.7996943645,1.1054873401,,,,,68,74.5
E12,SYBR,,Unkn_28,BNW,6,23.7081507778,22.7996943645,1.1054873401,,,,,68,74
F01,SYBR,,Unkn_06,EKY,6,28.0022712548,28.8560324241,0.8294648778,,,,,68,74.5
F02,SYBR,,Unkn_06,EKY,6,28.9069730095,28.8560324241,0.8294648778,,,,,68,74.5
F03,SYBR,,Unkn_06,EKY,6,29.6588530079,28.8560324241,0.8294648778,,,,,68,74.5
F04,SYBR,,Unkn_13,ANQ,6,27.1890405018,28.088943535,0.9263071467,,,,,68,74.5
F05,SYBR,,Unkn_13,ANQ,6,28.0382196795,28.088943535,0.9263071467,,,,,68,74.5
F06,SYBR,,Unkn_13,ANQ,6,29.0395704236,28.088943535,0.9263071467,,,,,68,74.5
F07,SYBR,,Unkn_21,MRU,6,25.2004081323,25.7490063882,0.5886189324,,,,,68,74
F08,SYBR,,Unkn_21,MRU,6,25.6758113253,25.7490063882,0.5886189324,,,,,68,74.5
F09,SYBR,,Unkn_21,MRU,6,26.3707997071,25.7490063882,0.5886189324,,,,,68,74.5
F10,SYBR,,Unkn_29,HMZ,6,30.5799513934,30.7072207855,0.3160735737,,,,,68,74.5
F11,SYBR,,Unkn_29,HMZ,6,30.4746218232,30.7072207855,0.3160735737,,,,,68,74.5
F12,SYBR,,Unkn_29,HMZ,6,31.06708914,30.7072207855,0.3160735737,,,,,68,73.5
G01,SYBR,,Unkn_07,OTY,6,31.4314657905,31.4275993685,0.1530448585,,,,,68,74.5
G02,SYBR,,Unkn_07,OTY,6,31.5786743822,31.4275993685,0.1530448585,,,,,68,None
G03,SYBR,,Unkn_07,OTY,6,31.2726579329,31.4275993685,0.1530448585,,,,,68,None
G04,SYBR,,Unkn_14,DKM,6,28.0195126166,28.6832292187,0.792183523,,,,,68,74.5
G05,SYBR,,Unkn_14,DKM,6,28.4699591511,28.6832292187,0.792183523,,,,,68,74.5
G06,SYBR,,Unkn_14,DKM,6,29.5602158883,28.6832292187,0.792183523,,,,,68,74.5
G07,SYBR,,Unkn_22,NOV,6,21.7038027555,22.4868242689,0.8714796522,,,,,68,73.5
G08,SYBR,,Unkn_22,NOV,6,22.3309459807,22.4868242689,0.8714796522,,,,,68,74.5
G09,SYBR,,Unkn_22,NOV,6,23.4257240705,22.4868242689,0.8714796522,,,,,68,74.5
G10,SYBR,,Unkn_30,BOX,6,27.5657258141,27.7379116405,0.4127607053,,,,,68,74.5
G11,SYBR,,Unkn_30,BOX,6,27.4391208949,27.7379116405,0.4127607053,,,,,68,74.5
G12,SYBR,,Unkn_30,BOX,6,28.2088882124,27.7379116405,0.4127607053,,,,,68,74.5
H01,SYBR,,NTC,Neg_Ctrl,6,,0,0,,,,,68,None
H02,SYBR,,NTC,Neg_Ctrl,6,36.905531062,36.905531062,0,,,,,68,None
H03,SYBR,,NTC,Neg_Ctrl,6,,0,0,,,,,68,None
H04,SYBR,,Unkn_15,INU,6,17.0363113088,17.8419267132,1.0805237654,,,,,68,74.5
H05,SYBR,,Unkn_15,INU,6,17.4196468609,17.8419267132,1.0805237654,,,,,68,74.5
H06,SYBR,,Unkn_15,INU,6,19.06982197,17.8419267132,1.0805237654,,,,,68,73.5
H07,SYBR,,Unkn_23,NVW,6,31.0082487287,31.3381376576,0.4553428806,,,,,68,73.5
H08,SYBR,,Unkn_23,NVW,6,31.1485160354,31.3381376576,0.4553428806,,,,,68,74.5
H09,SYBR,,Unkn_23,NVW,6,31.8576482088,31.3381376576,0.4553428806,,,,,68,None
H10,SYBR,,Pos_Ctrl,Pos_Ctrl,6,15.0760431822,15.3878823185,0.3344608082,,,,,68,75.5
H11,SYBR,,Pos_Ctrl,Pos_Ctrl,6,15.3464917322,15.3878823185,0.3344608082,,,,,68,75.5
H12,SYBR,,Pos_Ctrl,Pos_Ctrl,6,15.741112041,15.3878823185,0.3344608082,,,,,68,75.5
A01,SYBR,,Unkn_01,PRZ,7,30.8571320102,31.0916126455,0.2033891067,,,,,68,74.5
A02,SYBR,,Unkn_01,PRZ,7,31.1973964158,31.0916126455,0.2033891067,,,,,68,74.5
A03,SYBR,,Unkn_01,PRZ,7,31.2203095105,31.0916126455,0.2033891067,,,,,68,74.5
A04,SYBR,,Unkn_08,TUX,7,26.1420386409,27.1333829431,1.0120166019,,,,,68,74.5
A05,SYBR,,Unkn_08,TUX,7,27.0932333344,27.1333829431,1.0120166019,,,,,68,74.5
A06,SYBR,,Unkn_08,TUX,7,28.1648768541,27.1333829431,1.0120166019,,,,,68,74.5
A07,SYBR,,Unkn_16,EFW,7,21.6094309297,22.2291781934,0.7088071699,,,,,68,74.5
A08,SYBR,,Unkn_16,EFW,7,22.0760803348,22.2291781934,0.7088071699,,,,,68,74.5
A09,SYBR,,Unkn_16,EFW,7,23.0020233156,22.2291781934,0.7088071699,,,,,68,74.5
A10,SYBR,,Unkn_24,AKV,7,19.1161312266,20.0630628666,1.1090782158,,,,,68,74.5
A11,SYBR,,Unkn_24,AKV,7,19.7898394337,20.0630628666,1.1090782158,,,,,68,74.5
A12,SYBR,,Unkn_24,AKV,7,21.2832179397,20.0630628666,1.1090782158,,,,,68,74.5
B01,SYBR,,Unkn_02,HQU,7,31.5194398195,31.9202001639,0.3481335249,,,,,68,74.5
B02,SYBR,,Unkn_02,HQU,7,32.0933716818,31.9202001639,0.3481335249,,,,,68,74.5
B03,SYBR,,Unkn_02,HQU,7,32.1477889905,31.9202001639,0.3481335249,,,,,68,None
B04,SYBR,,Unkn_09,DGQ,7,26.522347098,27.1154341488,0.608465229,,,,,68,74.5
B05,SYBR,,Unkn_09,DGQ,7,27.0857634079,27.1154341488,0.608465229,,,,,68,74.5
B06,SYBR,,Unkn_09,DGQ,7,27.7381919404,27.1154341488,0.608465229,,,,,68,74.5
B07,SYBR,,Unkn_17,BEM,7,16.6427121767,17.4943690579,0.9168532909,,,,,68,74.5
B08,SYBR,,Unkn_17,BEM,7,17.3755596605,17.4943690579,0.9168532909,,,,,68,74.5
B09,SYBR,,Unkn_17,BEM,7,18.4648353364,17.4943690579,0.9168532909,,,,,68,74.5
B10,SYBR,,Unkn_25,FQS,7,32.1827717127,32.4483007306,0.7031852589,,,,,68,None
B11,SYBR,,Unkn_25,FQS,7,31.9165426561,32.4483007306,0.7031852589,,,,,68,None
B12,SYBR,,Unkn_25,FQS,7,33.2455878229,32.4483007306,0.7031852589,,,,,68,None
C01,SYBR,,Unkn_03,JLW,7,19.7535537813,20.5231614572,0.838234687,,,,,68,74.5
C02,SYBR,,Unkn_03,JLW,7,20.3996195376,20.5231614572,0.838234687,,,,,68,74.5
C03,SYBR,,Unkn_03,JLW,7,21.4163110529,20.5231614572,0.838234687,,,,,68,74.5
C04,SYBR,,Unkn_10,IOV,7,33.7391311856,33.298987213,0.4117860831,,,,,68,75
C05,SYBR,,Unkn_10,IOV,7,32.9231181126,33.298987213,0.4117860831,,,,,68,74.5
C06,SYBR,,Unkn_10,IOV,7,33.2347123409,33.298987213,0.4117860831,,,,,68,None
C07,SYBR,,Unkn_18,BEP,7,16.2524713952,17.7323334313,1.6469988786,,,,,68,74.5
C08,SYBR,,Unkn_18,BEP,7,17.4378024775,17.7323334313,1.6469988786,,,,,68,74.5
C09,SYBR,,Unkn_18,BEP,7,19.5067264214,17.7323334313,1.6469988786,,,,,68,74.5
C10,SYBR,,Unkn_26,HPQ,7,36.3802061678,37.2257720305,0.8796821223,,,,,68,None
C11,SYBR,,Unkn_26,HPQ,7,37.1611081288,37.2257720305,0.8796821223,,,,,68,None
C12,SYBR,,Unkn_26,HPQ,7,38.136001795,37.2257720305,0.8796821223,,,,,68,None
D01,SYBR,,Unkn_04,ADQ,7,32.7286458146,33.39821287,0.6016123076,,,,,68,75
D02,SYBR,,Unkn_04,ADQ,7,33.8933002883,33.39821287,0.6016123076,,,,,68,75
D03,SYBR,,Unkn_04,ADQ,7,33.5726925073,33.39821287,0.6016123076,,,,,68,75
D04,SYBR,,Unkn_11,JMW,7,26.115177506,26.7202555867,0.7160182315,,,,,68,74.5
D05,SYBR,,Unkn_11,JMW,7,26.5348474014,26.7202555867,0.7160182315,,,,,68,74.5
D06,SYBR,,Unkn_11,JMW,7,27.5107418528,26.7202555867,0.7160182315,,,,,68,74.5
D07,SYBR,,Unkn_19,ABM,7,13.6560522289,14.8076318922,1.4752036109,,,,,68,74.5
D08,SYBR,,Unkn_19,ABM,7,14.2963964699,14.8076318922,1.4752036109,,,,,68,74.5
D09,SYBR,,Unkn_19,ABM,7,16.4704469779,14.8076318922,1.4752036109,,,,,68,74.5
D10,SYBR,,Unkn_27,KVZ,7,33.5182432669,33.887620962,0.3219013279,,,,,68,84.5
D11,SYBR,,Unkn_27,KVZ,7,34.1082340868,33.887620962,0.3219013279,,,,,68,None
D12,SYBR,,Unkn_27,KVZ,7,34.0363855322,33.887620962,0.3219013279,,,,,68,None
E01,SYBR,,Unkn_05,CFO,7,32.3838490595,32.8007650823,0.620889286,,,,,68,74.5
E02,SYBR,,Unkn_05,CFO,7,33.5143362275,32.8007650823,0.620889286,,,,,68,None
E03,SYBR,,Unkn_05,CFO,7,32.50410996,32.8007650823,0.620889286,,,,,68,74.5
E04,SYBR,,Unkn_12,OXY,7,18.7259234504,19.3964944809,0.7496780057,,,,,68,74.5
E05,SYBR,,Unkn_12,OXY,7,19.2576829786,19.3964944809,0.7496780057,,,,,68,74.5
E06,SYBR,,Unkn_12,OXY,7,20.2058770137,19.3964944809,0.7496780057,,,,,68,74.5
E07,SYBR,,Unkn_20,OPS,7,17.6009848431,18.7773289007,1.0888246665,,,,,68,74.5
E08,SYBR,,Unkn_20,OPS,7,18.98118316,18.7773289007,1.0888246665,,,,,68,74.5
E09,SYBR,,Unkn_20,OPS,7,19.749818699,18.7773289007,1.0888246665,,,,,68,74.5
E10,SYBR,,Unkn_28,HLO,7,17.5779380259,19.0322249439,1.6822421861,,,,,68,74
E11,SYBR,,Unkn_28,HLO,7,18.6441437875,19.0322249439,1.6822421861,,,,,68,74.5
E12,SYBR,,Unkn_28,HLO,7,20.8745930182,19.0322249439,1.6822421861,,,,,68,74.5
F01,SYBR,,Unkn_06,KQY,7,30.9930700587,30.8187147739,0.2035883917,,,,,68,74.5
F02,SYBR,,Unkn_06,KQY,7,30.5949779529,30.8187147739,0.2035883917,,,,,68,74.5
F03,SYBR,,Unkn_06,KQY,7,30.86809631,30.8187147739,0.2035883917,,,,,68,74.5
F04,SYBR,,Unkn_13,EUV,7,17.4559913928,17.7150510517,0.3919257142,,,,,68,74.5
F05,SYBR,,Unkn_13,EUV,7,17.5232215258,17.7150510517,0.3919257142,,,,,68,74.5
F06,SYBR,,Unkn_13,EUV,7,18.1659402366,17.7150510517,0.3919257142,,,,,68,74.5
F07,SYBR,,Unkn_21,FVX,7,23.7020142381,24.8605403358,1.1827261819,,,,,68,74.5
F08,SYBR,,Unkn_21,FVX,7,24.8135413134,24.8605403358,1.1827261819,,,,,68,74.5
F09,SYBR,,Unkn_21,FVX,7,26.066065456,24.8605403358,1.1827261819,,,,,68,74.5
F10,SYBR,,Unkn_29,NST,7,21.7182931868,23.1578052051,1.703673381,,,,,68,74.5
F11,SYBR,,Unkn_29,NST,7,22.7163735245,23.1578052051,1.703673381,,,,,68,74.5
F12,SYBR,,Unkn_29,NST,7,25.038748904,23.1578052051,1.703673381,,,,,68,74.5
G01,SYBR,,Unkn_07,ELT,7,33.6161559716,33.2136144302,0.4395299288,,,,,68,None
G02,SYBR,,Unkn_07,ELT,7,33.2800315167,33.2136144302,0.4395299288,,,,,68,None
G03,SYBR,,Unkn_07,ELT,7,32.7446558022,33.2136144302,0.4395299288,,,,,68,None
G04,SYBR,,Unkn_14,FWY,7,29.7828399612,30.1596267691,0.5687043289,,,,,68,74.5
G05,SYBR,,Unkn_14,FWY,7,29.8822429841,30.1596267691,0.5687043289,,,,,68,74.5
G06,SYBR,,Unkn_14,FWY,7,30.8137973621,30.1596267691,0.5687043289,,,,,68,74.5
G07,SYBR,,Unkn_22,IMR,7,16.175047121,17.4535722947,1.2637973331,,,,,68,74
G08,SYBR,,Unkn_22,IMR,7,17.4835617619,17.4535722947,1.2637973331,,,,,68,74.5
G09,SYBR,,Unkn_22,IMR,7,18.7021080012,17.4535722947,1.2637973331,,,,,68,74.5
G10,SYBR,,Unkn_30,JMZ,7,28.787452956,29.586375899,1.0491036946,,,,,68,74.5
G11,SYBR,,Unkn_30,JMZ,7,29.1972245629,29.586375899,1.0491036946,,,,,68,74.5
G12,SYBR,,Unkn_30,JMZ,7,30.7744501782,29.586375899,1.0491036946,,,,,68,74.5
H01,SYBR,,NTC,Neg_Ctrl,7,35.2894888499,35.312643478,0.0327455891,,,,,68,None
H02,SYBR,,NTC,Neg_Ctrl,7,,0,0,,,,,68,None
H03,SYBR,,NTC,Neg_Ctrl,7,35.3357981061,35.312643478,0.0327455891,,,,,68,None
H04,SYBR,,Unkn_15,KPT,7,27.4405421144,27.9056630747,0.4988501196,,,,,68,74.5
H05,SYBR,,Unkn_15,KPT,7,27.8439476451,27.9056630747,0.4988501196,,,,,68,74.5
H06,SYBR,,Unkn_15,KPT,7,28.4324994646,27.9056630747,0.4988501196,,,,,68,74.5
H07,SYBR,,Unkn_23,IUY,7,31.4987744164,32.6912303007,1.0517204245,,,,,68,74.5
H08,SYBR,,Unkn_23,IUY,7,33.0883287013,32.6912303007,1.0517204245,,,,,68,84
H09,SYBR,,Unkn_23,IUY,7,33.4865877843,32.6912303007,1.0517204245,,,,,68,84
H10,SYBR,,Unkn_31,DHK,7,29.1563592234,29.5204080595,0.3580419286,,,,,68,74.5
H11,SYBR,,Unkn_31,DHK,7,29.5327405322,29.5204080595,0.3580419286,,,,,68,74.5
H12,SYBR,,Unkn_31,DHK,7,29.8721244229,29.5204080595,0.3580419286,,,,,68,74.5
A01,SYBR,,Unkn_01,GTX,8,26.0293144347,26.7166257048,0.8462301683,,,,,68,74.5
A02,SYBR,,Unkn_01,GTX,8,26.458776634,26.7166257048,0.8462301683,,,,,68,74.5
A03,SYBR,,Unkn_01,GTX,8,27.6617860458,26.7166257048,0.8462301683,,,,,68,74.5
A04,SYBR,,Unkn_08,AKU,8,18.2998098528,19.0931564376,1.0112717552,,,,,68,74.5
A05,SYBR,,Unkn_08,AKU,8,18.7477910112,19.0931564376,1.0112717552,,,,,68,74.5
A06,SYBR,,Unkn_08,AKU,8,20.2318684487,19.0931564376,1.0112717552,,,,,68,74
A07,SYBR,,Unkn_16,ELY,8,33.1721177122,32.7406634205,0.3736722069,,,,,68,74
A08,SYBR,,Unkn_16,ELY,8,32.520897234,32.7406634205,0.3736722069,,,,,68,74.5
A09,SYBR,,Unkn_16,ELY,8,32.5289753153,32.7406634205,0.3736722069,,,,,68,74.5
A10,SYBR,,Unkn_24,LTV,8,31.2058460409,29.2010167273,1.878607431,,,,,68,74.5
A11,SYBR,,Unkn_24,LTV,8,28.9160004586,29.2010167273,1.878607431,,,,,68,74.5
A12,SYBR,,Unkn_24,LTV,8,27.4812036824,29.2010167273,1.878607431,,,,,68,74.5
B01,SYBR,,Unkn_02,BLW,8,19.3997594248,20.4356096919,1.2041616655,,,,,68,74.5
B02,SYBR,,Unkn_02,BLW,8,20.1502503274,20.4356096919,1.2041616655,,,,,68,74.5
B03,SYBR,,Unkn_02,BLW,8,21.7568193235,20.4356096919,1.2041616655,,,,,68,74.5
B04,SYBR,,Unkn_09,UXY,8,31.1224017492,31.853777517,1.0115178697,,,,,68,74
B05,SYBR,,Unkn_09,UXY,8,31.4308048177,31.853777517,1.0115178697,,,,,68,84.5
B06,SYBR,,Unkn_09,UXY,8,33.008125984,31.853777517,1.0115178697,,,,,68,84.5
B07,SYBR,,Unkn_17,BQS,8,35.2297514203,36.3011542216,1.585905036,,,,,68,75
B08,SYBR,,Unkn_17,BQS,8,35.5507114582,36.3011542216,1.585905036,,,,,68,None
B09,SYBR,,Unkn_17,BQS,8,38.1229997865,36.3011542216,1.585905036,,,,,68,None
B10,SYBR,,Unkn_25,QUX,8,20.0810082634,18.4479661974,1.4703871787,,,,,68,74.5
B11,SYBR,,Unkn_25,QUX,8,18.0338363463,18.4479661974,1.4703871787,,,,,68,74.5
B12,SYBR,,Unkn_25,QUX,8,17.2290539825,18.4479661974,1.4703871787,,,,,68,74.5
C01,SYBR,,Unkn_03,DLQ,8,15.2228283163,16.3530884307,1.2508284889,,,,,68,74.5
C02,SYBR,,Unkn_03,DLQ,8,16.1394656621,16.3530884307,1.2508284889,,,,,68,74.5
C03,SYBR,,Unkn_03,DLQ,8,17.6969713138,16.3530884307,1.2508284889,,,,,68,74.5
C04,SYBR,,Unkn_10,EQZ,8,31.3679342849,31.9084567621,0.5737825798,,,,,68,74.5
C05,SYBR,,Unkn_10,EQZ,8,32.5105357783,31.9084567621,0.5737825798,,,,,68,74.5
C06,SYBR,,Unkn_10,EQZ,8,31.8469002232,31.9084567621,0.5737825798,,,,,68,74.5
C07,SYBR,,Unkn_18,FKY,8,31.9094854356,32.4342260845,0.4883197664,,,,,68,None
C08,SYBR,,Unkn_18,FKY,8,32.5178741866,32.4342260845,0.4883197664,,,,,68,84
C09,SYBR,,Unkn_18,FKY,8,32.8753186314,32.4342260845,0.4883197664,,,,,68,None
C10,SYBR,,Unkn_26,DHQ,8,22.0018714895,20.0400597077,1.8572822156,,,,,68,74.5
C11,SYBR,,Unkn_26,DHQ,8,19.8094658374,20.0400597077,1.8572822156,,,,,68,74.5
C12,SYBR,,Unkn_26,DHQ,8,18.3088417964,20.0400597077,1.8572822156,,,,,68,74.5
D01,SYBR,,Unkn_04,EJL,8,20.3256443462,20.8320101043,0.7234066862,,,,,68,74.5
D02,SYBR,,Unkn_04,EJL,8,20.5098561055,20.8320101043,0.7234066862,,,,,68,74.5
D03,SYBR,,Unkn_04,EJL,8,21.6605298611,20.8320101043,0.7234066862,,,,,68,74.5
D04,SYBR,,Unkn_11,CGX,8,29.6405210553,30.0197175546,0.3289290962,,,,,68,74.5
D05,SYBR,,Unkn_11,CGX,8,30.2280737756,30.0197175546,0.3289290962,,,,,68,74.5
D06,SYBR,,Unkn_11,CGX,8,30.1905578329,30.0197175546,0.3289290962,,,,,68,74.5
D07,SYBR,,Unkn_19,FGK,8,19.8500829605,20.1791016109,0.3246129792,,,,,68,74.5
D08,SYBR,,Unkn_19,FGK,8,20.1881000616,20.1791016109,0.3246129792,,,,,68,74.5
D09,SYBR,,Unkn_19,FGK,8,20.4991218105,20.1791016109,0.3246129792,,,,,68,74.5
D10,SYBR,,Unkn_27,BWY,8,20.0016745811,17.8033337907,1.9679821168,,,,,68,74.5
D11,SYBR,,Unkn_27,BWY,8,17.2025878523,17.8033337907,1.9679821168,,,,,68,74.5
D12,SYBR,,Unkn_27,BWY,8,16.2057389388,17.8033337907,1.9679821168,,,,,68,74.5
E01,SYBR,,Unkn_05,DER,8,26.6069054527,27.4761216991,0.9861480564,,,,,68,74.5
E02,SYBR,,Unkn_05,DER,8,27.2736777626,27.4761216991,0.9861480564,,,,,68,74.5
E03,SYBR,,Unkn_05,DER,8,28.5477818821,27.4761216991,0.9861480564,,,,,68,74.5
E04,SYBR,,Unkn_12,ABJ,8,30.4607380407,30.8587431457,0.3505968485,,,,,68,74.5
E05,SYBR,,Unkn_12,ABJ,8,31.1218713754,30.8587431457,0.3505968485,,,,,68,74.5
E06,SYBR,,Unkn_12,ABJ,8,30.9936200209,30.8587431457,0.3505968485,,,,,68,74
E07,SYBR,,Unkn_20,BDM,8,22.9937058462,23.6341114514,0.5546861727,,,,,68,74.5
E08,SYBR,,Unkn_20,BDM,8,23.9636547999,23.6341114514,0.5546861727,,,,,68,74.5
E09,SYBR,,Unkn_20,BDM,8,23.944973708,23.6341114514,0.5546861727,,,,,68,74.5
E10,SYBR,,Unkn_28,CWX,8,19.4644109592,18.3306239106,1.1075097439,,,,,68,74.5
E11,SYBR,,Unkn_28,CWX,8,18.2760516032,18.3306239106,1.1075097439,,,,,68,74.5
E12,SYBR,,Unkn_28,CWX,8,17.2514091695,18.3306239106,1.1075097439,,,,,68,74.5
F01,SYBR,,Unkn_06,KTU,8,15.0603063646,16.1053462097,0.9808032863,,,,,68,74.5
F02,SYBR,,Unkn_06,KTU,8,16.2498530664,16.1053462097,0.9808032863,,,,,68,74.5
F03,SYBR,,Unkn_06,KTU,8,17.0058791982,16.1053462097,0.9808032863,,,,,68,74.5
F04,SYBR,,Unkn_13,AMT,8,31.1420071961,31.0302081902,0.213348182,,,,,68,74.5
F05,SYBR,,Unkn_13,AMT,8,30.7841950805,31.0302081902,0.213348182,,,,,68,74.5
F06,SYBR,,Unkn_13,AMT,8,31.164422294,31.0302081902,0.213348182,,,,,68,74.5
F07,SYBR,,Unkn_21,GNX,8,15.6687882515,16.1093749482,0.3844734257,,,,,68,74.5
F08,SYBR,,Unkn_21,GNX,8,16.2824206821,16.1093749482,0.3844734257,,,,,68,74.5
F09,SYBR,,Unkn_21,GNX,8,16.376915911,16.1093749482,0.3844734257,,,,,68,74.5
F10,SYBR,,Unkn_29,JKO,8,20.7112956041,19.6420364434,1.1167403044,,,,,68,74.5
F11,SYBR,,Unkn_29,JKO,8,19.731604382,19.6420364434,1.1167403044,,,,,68,74.5
F12,SYBR,,Unkn_29,JKO,8,18.483209344,19.6420364434,1.1167403044,,,,,68,74.5
G01,SYBR,,Unkn_07,AFO,8,16.1020936656,17.1298913426,0.9610145303,,,,,68,74.5
G02,SYBR,,Unkn_07,AFO,8,17.2814741879,17.1298913426,0.9610145303,,,,,68,74.5
G03,SYBR,,Unkn_07,AFO,8,18.0061061743,17.1298913426,0.9610145303,,,,,68,74.5
G04,SYBR,,Unkn_14,AGH,8,25.298341166,25.842598552,0.664788046,,,,,68,74.5
G05,SYBR,,Unkn_14,AGH,8,25.6459191078,25.842598552,0.664788046,,,,,68,74.5
G06,SYBR,,Unkn_14,AGH,8,26.5835353821,25.842598552,0.664788046,,,,,68,74.5
G07,SYBR,,Unkn_22,MWX,8,18.4994766356,18.9559592524,0.3953268533,,,,,68,74.5
G08,SYBR,,Unkn_22,MWX,8,19.1831825424,18.9559592524,0.3953268533,,,,,68,74.5
G09,SYBR,,Unkn_22,MWX,8,19.1852185793,18.9559592524,0.3953268533,,,,,68,74.5
G10,SYBR,,Unkn_30,TUW,8,30.7520876055,29.5241815016,1.0910570417,,,,,68,74.5
G11,SYBR,,Unkn_30,TUW,8,29.1543399367,29.5241815016,1.0910570417,,,,,68,74.5
G12,SYBR,,Unkn_30,TUW,8,28.6661169626,29.5241815016,1.0910570417,,,,,68,74.5
H01,SYBR,,NTC,Neg_Ctrl,8,34.2712232463,34.2712232463,0,,,,,68,None
H02,SYBR,,NTC,Neg_Ctrl,8,,0,0,,,,,68,None
H03,SYBR,,NTC,Neg_Ctrl,8,,0,0,,,,,68,None
H04,SYBR,,Unkn_15,GTU,8,19.1348155835,19.7298976629,0.7048326245,,,,,68,74.5
H05,SYBR,,Unkn_15,GTU,8,19.5466091928,19.7298976629,0.7048326245,,,,,68,74.5
H06,SYBR,,Unkn_15,GTU,8,20.5082682126,19.7298976629,0.7048326245,,,,,68,74.5
H07,SYBR,,Unkn_23,DEI,8,32.0647682374,32.3085531323,0.21985006,,,,,68,74.5
H08,SYBR,,Unkn_23,DEI,8,32.4917704742,32.3085531323,0.21985006,,,,,68,74.5
H09,SYBR,,Unkn_23,DEI,8,32.3691206853,32.3085531323,0.21985006,,,,,68,74.5
H10,SYBR,,Unkn_31,CHN,8,35.2111506711,35.6622259551,1.1550508609,,,,,68,None
H11,SYBR,,Unkn_31,CHN,8,34.8007765652,35.6622259551,1.1550508609,,,,,68,None
H12,SYBR,,Unkn_31,CHN,8,36.9747506288,35.6622259551,1.1550508609,,,,,68,None
