"","EH_ID","labels","dpi","weight","weight_dpi0","weightloss","fecweight_flot","Expe","Eimeria","fecweight_DNA","Conc_DNA","P260_280","P260_230","V_H2O","Moist","oocyst_sq1","oocyst_sq2","oocyst_sq3","oocyst_sq4","dilution","mean_Neubauer","oocysts.per.tube","OPG","Locality","Genome","Strain","IDD","Dam","Gen","Sir","IDS","Sir.1","Gen.1","Born","Fpar","LS","MM","FF","ID","PIN","Sex","Gen.2","Wean","BW10","BW20","Clip","Parent1","Parent2","HybridStatus","ageAtdpi0expe1a","Batch","Total_DNA","Microbial_density","Genome_copies_mean","Tm_mean","Infection","Genome_copies_ngDNA","DNA_sample","DNA_g_feces","Genome_copies_gFaeces"
"1","LM0204","KRW","4",18.62,19.26,3.3229491173,1.75,"Expe005_1b","E64",0.114,102,1.9,0.99,52,0,0,1,1,2,2,1,20000,11428.5714285714,"PWD x BUSNA","mus x mus","PWD_BUSNA","SY",2996,46,"BUSNA","SY",6113,60,"2018-03-23",6,9,"4","5","EX",726,"M","F1","1M","4.44",7.53,"P2","PWD","BUSNA","outbred hybrids",15.4285714286,1,3.06,0.0268421052631579,609423.562649726,74.5,"Positive",12188.4712529945,3060,26842.1052631579,327164228.369853
"2","LM0204","KOT","7",20.19,19.26,-4.8286604361,1.43,"Expe005_1b","E64",0.081,118.6,1.91,2.41,68.6,1,48,55,53,58,2,53.5,1070000,748251.748251748,"PWD x BUSNA","mus x mus","PWD_BUSNA","SY",2996,46,"BUSNA","SY",6113,60,"2018-03-23",6,9,"4","5","EX",726,"M","F1","1M","4.44",7.53,"P2","PWD","BUSNA","outbred hybrids",15.4285714286,1,3.558,0.0439259259259259,98548.8791196399,74.5,"Positive",1970.9775823928,3558,43925.9259259259,86577015.2858466
"3","LM0204","ILQ","1",19.08,19.26,0.9345794393,NA,"Expe005_1b","E64",0.283,39.9,1.81,0.32,NA,1,NA,NA,NA,NA,NA,NA,NA,0,"PWD x BUSNA","mus x mus","PWD_BUSNA","SY",2996,46,"BUSNA","SY",6113,60,"2018-03-23",6,9,"4","5","EX",726,"M","F1","1M","4.44",7.53,"P2","PWD","BUSNA","outbred hybrids",15.4285714286,1,1.197,0.00422968197879859,0,0,"Negative",0,1197,4229.68197879859,0
"4","LM0204","AEF","2",19.36,19.26,-0.5192107996,NA,"Expe005_1b","E64",0.14,131.6,1.87,2.23,81.6,1,NA,NA,NA,NA,NA,NA,NA,0,"PWD x BUSNA","mus x mus","PWD_BUSNA","SY",2996,46,"BUSNA","SY",6113,60,"2018-03-23",6,9,"4","5","EX",726,"M","F1","1M","4.44",7.53,"P2","PWD","BUSNA","outbred hybrids",15.4285714286,1,3.948,0.0282,0,0,"Negative",0,3948,28200,0
"5","LM0204","CIO","0",19.26,19.26,0,2.15,"Expe005_1b","E64",0.105,90.7,1.91,1.03,40.7,1,0,0,0,0,1,0,0,0,"PWD x BUSNA","mus x mus","PWD_BUSNA","SY",2996,46,"BUSNA","SY",6113,60,"2018-03-23",6,9,"4","5","EX",726,"M","F1","1M","4.44",7.53,"P2","PWD","BUSNA","outbred hybrids",15.4285714286,1,2.721,0.0259142857142857,0,0,"Negative",0,2721,25914.2857142857,0
"6","LM0204","AKU","6",19.92,19.26,-3.4267912773,1.5,"Expe005_1b","E64",0.129,121.4,1.89,1.48,71.4,1,388,342,414,380,1,381,3810000,2540000,"PWD x BUSNA","mus x mus","PWD_BUSNA","SY",2996,46,"BUSNA","SY",6113,60,"2018-03-23",6,9,"4","5","EX",726,"M","F1","1M","4.44",7.53,"P2","PWD","BUSNA","outbred hybrids",15.4285714286,1,3.642,0.0282325581395349,583539.701543267,74.3333333333333,"Positive",11670.7940308653,3642,28232.5581395349,329496371.010943
"7","LM0204","MTU","10",20.22,19.26,-4.984423676,1.38,"Expe005_1b","E64",NA,NA,NA,NA,NA,NA,0,0,0,0,1,0,0,0,"PWD x BUSNA","mus x mus","PWD_BUSNA","SY",2996,46,"BUSNA","SY",6113,60,"2018-03-23",6,9,"4","5","EX",726,"M","F1","1M","4.44",7.53,"P2","PWD","BUSNA","outbred hybrids",15.4285714286,1,NA,NA,NA,NA,NA,NA,NA,NA,NA
"8","LM0204","JMO","8",20.42,19.26,-6.0228452752,1.76,"Expe005_1b","E64",0.146,126.5,1.84,1.57,76.5,0,1,0,1,5,1,1.75,17500,9943.18181818182,"PWD x BUSNA","mus x mus","PWD_BUSNA","SY",2996,46,"BUSNA","SY",6113,60,"2018-03-23",6,9,"4","5","EX",726,"M","F1","1M","4.44",7.53,"P2","PWD","BUSNA","outbred hybrids",15.4285714286,1,3.795,0.0259931506849315,9188.83185142953,74.5,"Positive",183.776637028591,3795,25993.1506849315,4776933.81865412
"9","LM0204","FWY","9",20.55,19.26,-6.6978193146,1.64,"Expe005_1b","E64",0.147,127.3,1.92,2.11,77.3,1,0,0,0,0,1,0,0,0,"PWD x BUSNA","mus x mus","PWD_BUSNA","SY",2996,46,"BUSNA","SY",6113,60,"2018-03-23",6,9,"4","5","EX",726,"M","F1","1M","4.44",7.53,"P2","PWD","BUSNA","outbred hybrids",15.4285714286,1,3.819,0.0259795918367347,745.578685881401,74.5,"Positive",14.911573717628,3819,25979.5918367347,387396.598827356
"10","LM0204","HLV","3",19.99,19.26,-3.790238837,1.05,"Expe005_1b","E64",0.095,146.8,1.86,0.52,96.8,0,0,0,0,0,1,0,0,0,"PWD x BUSNA","mus x mus","PWD_BUSNA","SY",2996,46,"BUSNA","SY",6113,60,"2018-03-23",6,9,"4","5","EX",726,"M","F1","1M","4.44",7.53,"P2","PWD","BUSNA","outbred hybrids",15.4285714286,1,4.404,0.0463578947368421,3903.44920996189,74.1666666666667,"Positive",78.0689841992379,4404,46357.8947368421,3619113.75172046
"11","LM0204","HLP","5",18.73,19.26,2.7518172378,0.79,"Expe005_1b","E64",0.111,112,1.82,2.15,62,0,3,4,4,4,1,3.75,37500,47468.3544303797,"PWD x BUSNA","mus x mus","PWD_BUSNA","SY",2996,46,"BUSNA","SY",6113,60,"2018-03-23",6,9,"4","5","EX",726,"M","F1","1M","4.44",7.53,"P2","PWD","BUSNA","outbred hybrids",15.4285714286,1,3.36,0.0302702702702703,1578785.81655207,74.5,"Positive",31575.7163310415,3360,30270.2702702703,955805467.318012
"12","LM0206","BEM","6",16.29,16.97,4.0070713023,1.33,"Expe005_1b","E64",0.117,133.5,1.87,1.73,83.5,1,519,396,575,455,1,486.25,4862500,3656015.03759398,"Buskovice","mus","BUSNA_BUSNA","SY",8209,62,"BUSNA","SY",8208,62,"2018-04-20",1,3,"1","2","EX",873,"F","63","1F","5.1",8.63,"L4","BUSNA","BUSNA","parental strains",11.4285714286,1,4.005,0.0342307692307692,1491866.63285623,74.5,"Positive",29837.3326571247,4005,34230.7692307692,1021354848.64773
"13","LM0206","ERU","1",17.39,16.97,-2.4749558044,NA,"Expe005_1b","E64",0.067,134.9,1.87,2,84.9,0,NA,NA,NA,NA,NA,NA,NA,0,"Buskovice","mus","BUSNA_BUSNA","SY",8209,62,"BUSNA","SY",8208,62,"2018-04-20",1,3,"1","2","EX",873,"F","63","1F","5.1",8.63,"L4","BUSNA","BUSNA","parental strains",11.4285714286,1,4.047,0.0604029850746269,0,0,"Negative",0,4047,60402.9850746269,0
"14","LM0206","LOW","3",17.4,16.97,-2.5338833235,0.69,"Expe005_1b","E64",0.155,94.2,1.85,2.23,44.2,1,0,0,0,0,1,0,0,0,"Buskovice","mus","BUSNA_BUSNA","SY",8209,62,"BUSNA","SY",8208,62,"2018-04-20",1,3,"1","2","EX",873,"F","63","1F","5.1",8.63,"L4","BUSNA","BUSNA","parental strains",11.4285714286,1,2.826,0.0182322580645161,477.365622094149,74.5,"Positive",9.54731244188299,2826,18232.2580645161,174069.064262976
"15","LM0206","MWZ","8",16.23,16.97,4.3606364172,1.35,"Expe005_1b","E64",0.132,95.3,1.86,1.47,45.3,0,1,0,2,1,1,1,10000,7407.40740740741,"Buskovice","mus","BUSNA_BUSNA","SY",8209,62,"BUSNA","SY",8208,62,"2018-04-20",1,3,"1","2","EX",873,"F","63","1F","5.1",8.63,"L4","BUSNA","BUSNA","parental strains",11.4285714286,1,2.859,0.0216590909090909,7254.88962335192,74.1666666666667,"Positive",145.097792467038,2859,21659.0909090909,3142686.27775199
"16","LM0206","DHK","9",16.75,16.97,1.2964054213,0.68,"Expe005_1b","E64",0.078,160.3,1.92,2.28,110.3,0,0,0,0,0,1,0,0,0,"Buskovice","mus","BUSNA_BUSNA","SY",8209,62,"BUSNA","SY",8208,62,"2018-04-20",1,3,"1","2","EX",873,"F","63","1F","5.1",8.63,"L4","BUSNA","BUSNA","parental strains",11.4285714286,1,4.809,0.0616538461538462,1069.0016610188,74.5,"Positive",21.3800332203759,4809,61653.8461538462,1318161.27893318
"17","LM0206","KOX","0",16.97,16.97,0,1.47,"Expe005_1b","E64",0.081,156.4,1.9,2.19,106.4,0,0,0,0,0,1,0,0,0,"Buskovice","mus","BUSNA_BUSNA","SY",8209,62,"BUSNA","SY",8208,62,"2018-04-20",1,3,"1","2","EX",873,"F","63","1F","5.1",8.63,"L4","BUSNA","BUSNA","parental strains",11.4285714286,1,4.692,0.0579259259259259,0,0,"Negative",0,4692,57925.9259259259,0
"18","LM0206","FJL","10",16.22,16.97,4.4195639364,1.26,"Expe005_1b","E64",NA,NA,NA,NA,NA,NA,0,0,0,0,1,0,0,0,"Buskovice","mus","BUSNA_BUSNA","SY",8209,62,"BUSNA","SY",8208,62,"2018-04-20",1,3,"1","2","EX",873,"F","63","1F","5.1",8.63,"L4","BUSNA","BUSNA","parental strains",11.4285714286,1,NA,NA,NA,NA,NA,NA,NA,NA,NA
"19","LM0206","BUV","5",15.27,16.97,10.0176782557,0.6,"Expe005_1b","E64",0.141,118.4,1.84,1.53,68.4,1,0,0,0,1,1,0,0,0,"Buskovice","mus","BUSNA_BUSNA","SY",8209,62,"BUSNA","SY",8208,62,"2018-04-20",1,3,"1","2","EX",873,"F","63","1F","5.1",8.63,"L4","BUSNA","BUSNA","parental strains",11.4285714286,1,3.552,0.0251914893617021,2225899.53526581,74.5,"Positive",44517.9907053162,3552,25191.4893617021,1121474489.25733
"20","LM0206","AIS","4",15.86,16.97,6.5409546258,0.88,"Expe005_1b","E64",0.221,94.7,1.95,0.43,44.7,1,0,0,0,0,1,0,0,0,"Buskovice","mus","BUSNA_BUSNA","SY",8209,62,"BUSNA","SY",8208,62,"2018-04-20",1,3,"1","2","EX",873,"F","63","1F","5.1",8.63,"L4","BUSNA","BUSNA","parental strains",11.4285714286,1,2.841,0.0128552036199095,1170218.39800435,74.5,"Positive",23404.367960087,2841,12855.2036199095,300867915.722204
"21","LM0206","FIW","2",16.21,16.97,4.4784914555,NA,"Expe005_1b","E64",0.168,70.8,1.88,1.41,20.8,1,NA,NA,NA,NA,NA,NA,NA,0,"Buskovice","mus","BUSNA_BUSNA","SY",8209,62,"BUSNA","SY",8208,62,"2018-04-20",1,3,"1","2","EX",873,"F","63","1F","5.1",8.63,"L4","BUSNA","BUSNA","parental strains",11.4285714286,1,2.124,0.0126428571428571,0,0,"Negative",0,2124,12642.8571428571,0
"22","LM0206","BPU","7",16.89,16.97,0.4714201532,0.9,"Expe005_1b","E64",0.069,157.4,1.92,2.37,107.4,0,28,25,51,47,1,37.75,377500,419444.444444444,"Buskovice","mus","BUSNA_BUSNA","SY",8209,62,"BUSNA","SY",8208,62,"2018-04-20",1,3,"1","2","EX",873,"F","63","1F","5.1",8.63,"L4","BUSNA","BUSNA","parental strains",11.4285714286,1,4.722,0.0684347826086957,46512.9040509374,74.5,"Positive",930.258081018747,4722,68434.7826086956,63662009.5445003
"23","LM0207","BNW","8",17.2,17.27,0.4053271569,0.83,"Expe005_1b","E64",0.112,47.3,1.91,1.32,NA,0,17,36,30,29,1,28,280000,337349.397590361,"Prague","mus","PWD_PWD","SY",5343,42,"PWD","SY",5340,42,"2018-03-07",3,9,"5","4","EX",664,"M","43","1M","4.53",5.37,"P3","PWD","PWD","parental strains",17.7142857143,1,1.419,0.0126696428571429,67035.8968461461,74.3333333333333,"Positive",1340.71793692292,1419,12669.6428571429,16986417.4329788
"24","LM0207","KTU","6",15.62,17.27,9.5541401274,0.53,"Expe005_1b","E64",0.068,97.1,1.93,1.48,47.1,1,95,109,145,124,1,118.25,1182500,2231132.0754717,"Prague","mus","PWD_PWD","SY",5343,42,"PWD","SY",5340,42,"2018-03-07",3,9,"5","4","EX",664,"M","43","1M","4.53",5.37,"P3","PWD","PWD","parental strains",17.7142857143,1,2.913,0.0428382352941176,3485288.57589248,74.5,"Positive",69705.7715178496,2913,42838.2352941176,2986072241.63964
"25","LM0207","FOX","2",16.72,17.27,3.1847133758,NA,"Expe005_1b","E64",0.071,85.9,1.88,1.79,35.9,0,NA,NA,NA,NA,NA,NA,NA,0,"Prague","mus","PWD_PWD","SY",5343,42,"PWD","SY",5340,42,"2018-03-07",3,9,"5","4","EX",664,"M","43","1M","4.53",5.37,"P3","PWD","PWD","parental strains",17.7142857143,1,2.577,0.0362957746478873,0,0,"Negative",0,2577,36295.7746478873,0
"26","LM0207","ADP","9",17.39,17.27,-0.6948465547,0.76,"Expe005_1b","E64",0.09,96.6,1.96,1.99,46.6,1,20,9,8,8,1,11.25,112500,148026.315789474,"Prague","mus","PWD_PWD","SY",5343,42,"PWD","SY",5340,42,"2018-03-07",3,9,"5","4","EX",664,"M","43","1M","4.53",5.37,"P3","PWD","PWD","parental strains",17.7142857143,1,2.898,0.0322,80099.7846855848,74.5,"Positive",1601.9956937117,2898,32200,51584261.3375166
"27","LM0207","BHT","5",16,17.27,7.3537927041,0.25,"Expe005_1b","E64",0.133,132.5,1.87,1.94,82.5,1,7,15,13,13,1,12,120000,480000,"Prague","mus","PWD_PWD","SY",5343,42,"PWD","SY",5340,42,"2018-03-07",3,9,"5","4","EX",664,"M","43","1M","4.53",5.37,"P3","PWD","PWD","parental strains",17.7142857143,1,3.975,0.0298872180451128,3057150.56504236,74.5,"Positive",61143.0113008473,3975,29887.2180451128,1827394510.68322
"28","LM0207","ANQ","3",17.25,17.27,0.1158077591,0.53,"Expe005_1b","E64",0.058,88.4,1.87,2.09,38.4,0,0,0,0,0,1,0,0,0,"Prague","mus","PWD_PWD","SY",5343,42,"PWD","SY",5340,42,"2018-03-07",3,9,"5","4","EX",664,"M","43","1M","4.53",5.37,"P3","PWD","PWD","parental strains",17.7142857143,1,2.652,0.0457241379310345,2722.85518248868,74.5,"Positive",54.4571036497737,2652,45724.1379310345,2490004.11860689
"29","LM0207","CPY","0",17.27,17.27,0,1.03,"Expe005_1b","E64",0.092,NA,NA,NA,NA,1,0,0,0,0,1,0,0,0,"Prague","mus","PWD_PWD","SY",5343,42,"PWD","SY",5340,42,"2018-03-07",3,9,"5","4","EX",664,"M","43","1M","4.53",5.37,"P3","PWD","PWD","parental strains",17.7142857143,1,NA,NA,NA,NA,NA,NA,NA,NA,NA
"30","LM0207","EHM","10",17.61,17.27,-1.968731905,0.85,"Expe005_1b","E64",NA,NA,NA,NA,NA,NA,0,0,0,0,1,0,0,0,"Prague","mus","PWD_PWD","SY",5343,42,"PWD","SY",5340,42,"2018-03-07",3,9,"5","4","EX",664,"M","43","1M","4.53",5.37,"P3","PWD","PWD","parental strains",17.7142857143,1,NA,NA,NA,NA,NA,NA,NA,NA,NA
"31","LM0207","BEP","7",16.71,17.27,3.2426172554,0.91,"Expe005_1b","E64",0.046,86,1.93,2.41,36,0,138,102,156,87,1,120.75,1207500,1326923.07692308,"Prague","mus","PWD_PWD","SY",5343,42,"PWD","SY",5340,42,"2018-03-07",3,9,"5","4","EX",664,"M","43","1M","4.53",5.37,"P3","PWD","PWD","parental strains",17.7142857143,1,2.58,0.0560869565217391,1553473.63799634,74.5,"Positive",31069.4727599269,2580,56086.9565217391,1742592167.83938
"32","LM0207","JKO","4",16.79,17.27,2.7793862189,0.96,"Expe005_1b","E64",0.066,64.5,1.87,2.26,14.5,1,0,1,0,0,1,0,0,0,"Prague","mus","PWD_PWD","SY",5343,42,"PWD","SY",5340,42,"2018-03-07",3,9,"5","4","EX",664,"M","43","1M","4.53",5.37,"P3","PWD","PWD","parental strains",17.7142857143,1,1.935,0.0293181818181818,437350.670634774,74.5,"Positive",8747.01341269549,1935,29318.1818181818,256446529.599481
"33","LM0207","FNU","1",17.8,17.27,-3.0689056167,NA,"Expe005_1b","E64",0.075,58.8,1.84,1.87,8.8,0,NA,NA,NA,NA,NA,NA,NA,0,"Prague","mus","PWD_PWD","SY",5343,42,"PWD","SY",5340,42,"2018-03-07",3,9,"5","4","EX",664,"M","43","1M","4.53",5.37,"P3","PWD","PWD","parental strains",17.7142857143,1,1.764,0.02352,0,0,"Negative",0,1764,23520,0
"34","LM0208","LOU","9",23.24,22.82,-1.8404907975,1.2,"Expe005_1b","E64",0.108,98.1,1.86,2.45,48.1,1,25,15,16,16,1,18,180000,150000,"STRA x SCHUNT","dom","STRA_SCHUNT","SY",5825,55,"SCHUNT","SY",3470,36,"2018-03-21",3,11,"7","4","EX",709,"M","F1","1M","5.74",11.35,"P2","STRA","SCHUNT","outbred hybrids",15.7142857143,1,2.943,0.02725,17621.7872243288,74.5,"Positive",352.435744486576,2943,27250,9603874.0372592
"35","LM0208","PSV","5",22.06,22.82,3.3304119194,0.96,"Expe005_1b","E64",0.147,58.6,1.93,1.65,8.6,1,0,24,10,4,1,9.5,95000,98958.3333333333,"STRA x SCHUNT","dom","STRA_SCHUNT","SY",5825,55,"SCHUNT","SY",3470,36,"2018-03-21",3,11,"7","4","EX",709,"M","F1","1M","5.74",11.35,"P2","STRA","SCHUNT","outbred hybrids",15.7142857143,1,1.758,0.0119591836734694,3575660.74474572,74.5,"Positive",71513.2148949143,1758,11959.1836734694,855239672.008567
"36","LM0208","FHX","7",22.66,22.82,0.7011393514,1.64,"Expe005_1b","E64",0.06,130.2,1.9,2.38,80.2,0,81,89,100,97,2,91.75,1835000,1118902.43902439,"STRA x SCHUNT","dom","STRA_SCHUNT","SY",5825,55,"SCHUNT","SY",3470,36,"2018-03-21",3,11,"7","4","EX",709,"M","F1","1M","5.74",11.35,"P2","STRA","SCHUNT","outbred hybrids",15.7142857143,1,3.906,0.0651,1070293.83091134,74.5,"Positive",21405.8766182269,3906,65100,1393522567.84657
"37","LM0208","MTZ","10",22.87,22.82,-0.2191060473,1.28,"Expe005_1b","E64",0.199,87.6,1.88,1.15,37.6,1,0,0,1,0,1,0,0,0,"STRA x SCHUNT","dom","STRA_SCHUNT","SY",5825,55,"SCHUNT","SY",3470,36,"2018-03-21",3,11,"7","4","EX",709,"M","F1","1M","5.74",11.35,"P2","STRA","SCHUNT","outbred hybrids",15.7142857143,1,2.628,0.0132060301507538,1529.53945189649,74.5,"Positive",30.5907890379297,2628,13206.0301507538,403982.882370248
"38","LM0208","FHR","8",23.44,22.82,-2.7169149869,1.78,"Expe005_1b","E64",0.124,148.7,1.83,1.92,98.7,0,22,10,15,16,1,15.75,157500,88483.1460674157,"STRA x SCHUNT","dom","STRA_SCHUNT","SY",5825,55,"SCHUNT","SY",3470,36,"2018-03-21",3,11,"7","4","EX",709,"M","F1","1M","5.74",11.35,"P2","STRA","SCHUNT","outbred hybrids",15.7142857143,1,4.461,0.0359758064516129,268851.722255056,74.5,"Positive",5377.03444510113,4461,35975.8064516129,193443150.480614
"39","LM0208","AFV","4",22.74,22.82,0.3505696757,1.7,"Expe005_1b","E64",0.173,95.6,1.89,1.97,45.6,1,1,0,0,0,1,0,0,0,"STRA x SCHUNT","dom","STRA_SCHUNT","SY",5825,55,"SCHUNT","SY",3470,36,"2018-03-21",3,11,"7","4","EX",709,"M","F1","1M","5.74",11.35,"P2","STRA","SCHUNT","outbred hybrids",15.7142857143,1,2.868,0.0165780346820809,2864574.95703587,74.5,"Positive",57291.4991407175,2868,16578.0346820809,949780459.743223
"40","LM0208","DIT","1",23.15,22.82,-1.4460999124,NA,"Expe005_1b","E64",0.15,77.4,1.87,1.69,27.4,0,NA,NA,NA,NA,NA,NA,NA,0,"STRA x SCHUNT","dom","STRA_SCHUNT","SY",5825,55,"SCHUNT","SY",3470,36,"2018-03-21",3,11,"7","4","EX",709,"M","F1","1M","5.74",11.35,"P2","STRA","SCHUNT","outbred hybrids",15.7142857143,1,2.322,0.01548,0,0,"Negative",0,2322,15480,0
"41","LM0208","IOV","2",23.39,22.82,-2.4978089395,NA,"Expe005_1b","E64",0.127,80.9,1.89,1.95,30.9,1,NA,NA,NA,NA,NA,NA,NA,0,"STRA x SCHUNT","dom","STRA_SCHUNT","SY",5825,55,"SCHUNT","SY",3470,36,"2018-03-21",3,11,"7","4","EX",709,"M","F1","1M","5.74",11.35,"P2","STRA","SCHUNT","outbred hybrids",15.7142857143,1,2.427,0.0191102362204724,0,0,"Negative",0,2427,19110.2362204724,0
"42","LM0208","GQU","0",22.82,22.82,0,1.94,"Expe005_1b","E64",0.134,64.5,1.85,0.2,14.5,1,0,0,0,0,1,0,0,0,"STRA x SCHUNT","dom","STRA_SCHUNT","SY",5825,55,"SCHUNT","SY",3470,36,"2018-03-21",3,11,"7","4","EX",709,"M","F1","1M","5.74",11.35,"P2","STRA","SCHUNT","outbred hybrids",15.7142857143,1,1.935,0.0144402985074627,0,0,"Negative",0,1935,14440.2985074627,0
"43","LM0208","DPV","6",21.83,22.82,4.3382997371,0.68,"Expe005_1b","E64",0.126,131.6,1.89,0.5,81.6,1,59,48,72,54,1,58.25,582500,856617.647058823,"STRA x SCHUNT","dom","STRA_SCHUNT","SY",5825,55,"SCHUNT","SY",3470,36,"2018-03-21",3,11,"7","4","EX",709,"M","F1","1M","5.74",11.35,"P2","STRA","SCHUNT","outbred hybrids",15.7142857143,1,3.948,0.0313333333333333,3280044.31982354,73.8333333333333,"Positive",65600.8863964708,3948,31333.3333333333,2055494440.42275
"44","LM0208","LOX","3",24.15,22.82,-5.8282208589,1.31,"Expe005_1b","E64",0.139,76.2,1.95,0.48,26.2,1,0,0,0,0,1,0,0,0,"STRA x SCHUNT","dom","STRA_SCHUNT","SY",5825,55,"SCHUNT","SY",3470,36,"2018-03-21",3,11,"7","4","EX",709,"M","F1","1M","5.74",11.35,"P2","STRA","SCHUNT","outbred hybrids",15.7142857143,1,2.286,0.0164460431654676,988.599230615482,74.5,"Positive",19.7719846123096,2286,16446.0431654676,325170.912401006
"45","LM0209","ASY","10",22.55,22.09,-2.0823902218,1.24,"Expe005_1b","E64",0.204,115.4,1.85,1.45,65.4,1,0,0,0,0,1,0,0,0,"Straas2","dom","STRA_STRA","SY",8113,56,"STRA","SY",8111,56,"2018-04-03",1,9,"2","7","EX",772,"F","57","1F","5.71",9.23,"P5","STRA","STRA","parental strains",13.8571428571,1,3.462,0.0169705882352941,2085.84562124946,73.3333333333333,"Positive",41.7169124249891,3462,16970.5882352941,707960.543212315
"46","LM0209","HPQ","0",22.09,22.09,0,1.08,"Expe005_1b","E64",0.17,18.6,1.7,0.76,NA,1,0,0,0,0,1,0,0,0,"Straas2","dom","STRA_STRA","SY",8113,56,"STRA","SY",8111,56,"2018-04-03",1,9,"2","7","EX",772,"F","57","1F","5.71",9.23,"P5","STRA","STRA","parental strains",13.8571428571,1,0.558,0.00328235294117647,0,0,"Negative",0,558,3282.35294117647,0
"47","LM0209","LMY","8",22.94,22.09,-3.8478949751,1.26,"Expe005_1b","E64",0.206,44.6,1.83,1.74,NA,1,1,3,1,2,1,1.75,17500,13888.8888888889,"Straas2","dom","STRA_STRA","SY",8113,56,"STRA","SY",8111,56,"2018-04-03",1,9,"2","7","EX",772,"F","57","1F","5.71",9.23,"P5","STRA","STRA","parental strains",13.8571428571,1,1.338,0.00649514563106796,7122.32923314881,74.5,"Positive",142.446584662976,1338,6495.14563106796,925211.312034282
"48","LM0209","AFO","5",20.32,22.09,8.0126754187,1.11,"Expe005_1b","E64",0.132,85.3,1.83,1.76,35.3,1,3,5,6,9,1,5.75,57500,51801.8018018018,"Straas2","dom","STRA_STRA","SY",8113,56,"STRA","SY",8111,56,"2018-04-03",1,9,"2","7","EX",772,"F","57","1F","5.71",9.23,"P5","STRA","STRA","parental strains",13.8571428571,1,2.559,0.0193863636363636,1885292.30297552,74.5,"Positive",37705.8460595104,2559,19386.3636363636,730979242.926417
"49","LM0209","GNX","4",21.54,22.09,2.4898143957,1.72,"Expe005_1b","E64",0.137,75.8,1.83,2.21,25.8,1,0,0,0,1,1.5,0,0,0,"Straas2","dom","STRA_STRA","SY",8113,56,"STRA","SY",8111,56,"2018-04-03",1,9,"2","7","EX",772,"F","57","1F","5.71",9.23,"P5","STRA","STRA","parental strains",13.8571428571,1,2.274,0.0165985401459854,3155677.68947814,74.5,"Positive",63113.5537895627,2274,16598.5401459854,1047592856.33187
"50","LM0209","HIM","3",22.22,22.09,-0.5885015844,1.14,"Expe005_1b","E64",0.233,65.6,1.86,0.5,15.6,0,0,0,0,0,1,0,0,0,"Straas2","dom","STRA_STRA","SY",8113,56,"STRA","SY",8111,56,"2018-04-03",1,9,"2","7","EX",772,"F","57","1F","5.71",9.23,"P5","STRA","STRA","parental strains",13.8571428571,1,1.968,0.00844635193133047,1133.08487431539,74.5,"Positive",22.6616974863078,1968,8446.35193133047,191408.672330703
"51","LM0209","IUY","2",22.59,22.09,-2.2634676324,NA,"Expe005_1b","E64",0.118,89.1,1.86,1.56,39.1,0,NA,NA,NA,NA,NA,NA,NA,0,"Straas2","dom","STRA_STRA","SY",8113,56,"STRA","SY",8111,56,"2018-04-03",1,9,"2","7","EX",772,"F","57","1F","5.71",9.23,"P5","STRA","STRA","parental strains",13.8571428571,1,2.673,0.0226525423728814,0,0,"Negative",0,2673,22652.5423728814,0
"52","LM0209","DHQ","6",21.71,22.09,1.7202354006,1.38,"Expe005_1b","E64",0.163,101.3,1.88,2.05,51.3,1,80,79,83,95,1,84.25,842500,610507.246376812,"Straas2","dom","STRA_STRA","SY",8113,56,"STRA","SY",8111,56,"2018-04-03",1,9,"2","7","EX",772,"F","57","1F","5.71",9.23,"P5","STRA","STRA","parental strains",13.8571428571,1,3.039,0.0186441717791411,423684.862996061,74.5,"Positive",8473.69725992121,3039,18644.1717791411,157985067.318408
"53","LM0209","GKL","9",23.11,22.09,-4.6174739701,1.26,"Expe005_1b","E64",0.093,50,1.9,1.51,0,1,0,0,1,0,1,0,0,0,"Straas2","dom","STRA_STRA","SY",8113,56,"STRA","SY",8111,56,"2018-04-03",1,9,"2","7","EX",772,"F","57","1F","5.71",9.23,"P5","STRA","STRA","parental strains",13.8571428571,1,1.5,0.0161290322580645,4983.91737818461,74.5,"Positive",99.6783475636922,1500,16129.0322580645,1607715.28328536
"54","LM0209","FOZ","1",21.96,22.09,0.5885015844,NA,"Expe005_1b","E64",0.238,81.6,1.84,2.18,31.6,1,NA,NA,NA,NA,NA,NA,NA,0,"Straas2","dom","STRA_STRA","SY",8113,56,"STRA","SY",8111,56,"2018-04-03",1,9,"2","7","EX",772,"F","57","1F","5.71",9.23,"P5","STRA","STRA","parental strains",13.8571428571,1,2.448,0.0102857142857143,200.967215501966,74.1666666666667,"Positive",4.01934431003931,2448,10285.7142857143,41341.8271889758
"55","LM0209","NOQ","7",22.57,22.09,-2.1729289271,1.29,"Expe005_1b","E64",0.144,123.8,1.89,2.19,73.8,1,18,22,22,19,1,20.25,202500,156976.744186047,"Straas2","dom","STRA_STRA","SY",8113,56,"STRA","SY",8111,56,"2018-04-03",1,9,"2","7","EX",772,"F","57","1F","5.71",9.23,"P5","STRA","STRA","parental strains",13.8571428571,1,3.714,0.0257916666666667,154584.367320954,73.8333333333333,"Positive",3091.68734641908,3714,25791.6666666667,79739769.4763921
"56","LM0210","EKY","10",17.84,15.65,-13.9936102236,1.24,"Expe005_1b","E64",0.187,59.2,1.87,2.04,9.2,1,0,0,0,1,1,0,0,0,"PWD x SCHUNT","mus x dom","PWD_SCHUNT","SY",5681,42,"SCHUNT","SY",8172,37,"2018-05-07",5,8,"4","4","EX",978,"M","F1","1M","5.42",9.25,"L4","PWD","SCHUNT","inter subsp. hybrids",9,1,1.776,0.00949732620320856,1695.81597641554,74.5,"Positive",33.9163195283107,1776,9497.32620320856,322114.350172619
"57","LM0210","ALT","9",17.48,15.65,-11.6932907348,1,"Expe005_1b","E64",0.05,71.9,1.98,1.4,21.9,0,1,0,0,0,1,0,0,0,"PWD x SCHUNT","mus x dom","PWD_SCHUNT","SY",5681,42,"SCHUNT","SY",8172,37,"2018-05-07",5,8,"4","4","EX",978,"M","F1","1M","5.42",9.25,"L4","PWD","SCHUNT","inter subsp. hybrids",9,1,2.157,0.04314,2846.12979533308,74.5,"Positive",56.9225959066617,2157,43140,2455640.78741339
"58","LM0210","BOU","0",15.65,15.65,0,1.43,"Expe005_1b","E64",0.172,31.6,1.76,2.18,NA,1,0,0,0,0,1,0,0,0,"PWD x SCHUNT","mus x dom","PWD_SCHUNT","SY",5681,42,"SCHUNT","SY",8172,37,"2018-05-07",5,8,"4","4","EX",978,"M","F1","1M","5.42",9.25,"L4","PWD","SCHUNT","inter subsp. hybrids",9,1,0.948,0.00551162790697674,0,0,"Negative",0,948,5511.62790697674,0
"59","LM0210","HQY","2",15.53,15.65,0.7667731629,NA,"Expe005_1b","E64",0.099,101.4,1.91,2.33,51.4,1,NA,NA,NA,NA,NA,NA,NA,0,"PWD x SCHUNT","mus x dom","PWD_SCHUNT","SY",5681,42,"SCHUNT","SY",8172,37,"2018-05-07",5,8,"4","4","EX",978,"M","F1","1M","5.42",9.25,"L4","PWD","SCHUNT","inter subsp. hybrids",9,1,3.042,0.0307272727272727,247.943767464742,74.5,"Positive",4.95887534929483,3042,30727.2727272727,152372.715278332
"60","LM0210","FGI","4",16.07,15.65,-2.6837060703,0.96,"Expe005_1b","E64",0.083,57.4,1.93,1.14,NA,1,0,0,0,0,1,0,0,0,"PWD x SCHUNT","mus x dom","PWD_SCHUNT","SY",5681,42,"SCHUNT","SY",8172,37,"2018-05-07",5,8,"4","4","EX",978,"M","F1","1M","5.42",9.25,"L4","PWD","SCHUNT","inter subsp. hybrids",9,1,1.722,0.0207469879518072,114194.458975682,74.5,"Positive",2283.88917951363,1722,20746.9879518072,47383821.2906322
"61","LM0210","GRU","5",15.94,15.65,-1.8530351438,0.64,"Expe005_1b","E64",0.104,72.1,1.74,1.12,22.1,0,5,17,8,20,1,12.5,125000,195312.5,"PWD x SCHUNT","mus x dom","PWD_SCHUNT","SY",5681,42,"SCHUNT","SY",8172,37,"2018-05-07",5,8,"4","4","EX",978,"M","F1","1M","5.42",9.25,"L4","PWD","SCHUNT","inter subsp. hybrids",9,1,2.163,0.0207980769230769,1213397.25136449,74.5,"Positive",24267.9450272898,2163,20798.0769230769,504726587.442575
"62","LM0210","CWX","6",16.15,15.65,-3.1948881789,0.91,"Expe005_1b","E64",0.069,70.9,1.85,1.17,20.9,0,30,32,45,50,1,39.25,392500,431318.681318681,"PWD x SCHUNT","mus x dom","PWD_SCHUNT","SY",5681,42,"SCHUNT","SY",8172,37,"2018-05-07",5,8,"4","4","EX",978,"M","F1","1M","5.42",9.25,"L4","PWD","SCHUNT","inter subsp. hybrids",9,1,2.127,0.0308260869565217,947553.456607124,74.5,"Positive",18951.0691321425,2127,30826.0869565217,584187304.986479
"63","LM0210","LPX","8",16.9,15.65,-7.9872204473,1.06,"Expe005_1b","E64",0.049,88.5,1.87,0.77,38.5,0,10,9,14,12,1,11.25,112500,106132.075471698,"PWD x SCHUNT","mus x dom","PWD_SCHUNT","SY",5681,42,"SCHUNT","SY",8172,37,"2018-05-07",5,8,"4","4","EX",978,"M","F1","1M","5.42",9.25,"L4","PWD","SCHUNT","inter subsp. hybrids",9,1,2.655,0.0541836734693878,129106.53987997,74.5,"Positive",2582.1307975994,2655,54183.6734693878,139909331.992375
"64","LM0210","DRW","7",16.85,15.65,-7.6677316294,1.15,"Expe005_1b","E64",0.067,101.3,1.9,2.3,51.3,0,77,73,99,82,1,82.75,827500,719565.217391304,"PWD x SCHUNT","mus x dom","PWD_SCHUNT","SY",5681,42,"SCHUNT","SY",8172,37,"2018-05-07",5,8,"4","4","EX",978,"M","F1","1M","5.42",9.25,"L4","PWD","SCHUNT","inter subsp. hybrids",9,1,3.039,0.0453582089552239,142644.318713765,74.5,"Positive",2852.8863742753,3039,45358.2089552239,129401816.28989
"65","LM0210","BTY","1",15.95,15.65,-1.9169329073,NA,"Expe005_1b","E64",0.109,74.2,1.87,1.84,24.2,0,NA,NA,NA,NA,NA,NA,NA,0,"PWD x SCHUNT","mus x dom","PWD_SCHUNT","SY",5681,42,"SCHUNT","SY",8172,37,"2018-05-07",5,8,"4","4","EX",978,"M","F1","1M","5.42",9.25,"L4","PWD","SCHUNT","inter subsp. hybrids",9,1,2.226,0.0204220183486239,195.628355443572,74.1666666666667,"Positive",3.91256710887144,2226,20422.0183486239,79902.5172875948
"66","LM0210","BKM","3",16.08,15.65,-2.7476038339,1,"Expe005_1b","E64",0.059,68.7,1.85,1.88,18.7,0,0,0,0,0,1,0,0,0,"PWD x SCHUNT","mus x dom","PWD_SCHUNT","SY",5681,42,"SCHUNT","SY",8172,37,"2018-05-07",5,8,"4","4","EX",978,"M","F1","1M","5.42",9.25,"L4","PWD","SCHUNT","inter subsp. hybrids",9,1,2.061,0.0349322033898305,448.2110294317,74.5,"Positive",8.964220588634,2061,34932.2033898305,313139.976833469
"67","LM0211","IOQ","7",15.05,17.42,13.6050516648,0.86,"Expe005_1b","E64",0.054,102.9,1.89,0.96,52.9,0,119,117,123,130,1.5,122.25,1833750,2132267.44186047,"Prague","mus","PWD_PWD","SY",5343,42,"PWD","SY",5340,42,"2018-04-01",4,4,"2","2","EX",757,"M","43","1M","5.02",6.72,"L3","PWD","PWD","parental strains",14.1428571429,1,3.087,0.0571666666666667,870549.695624678,74.5,"Positive",17410.9939124936,3087,57166.6666666667,995328485.330882
"68","LM0211","GHI","3",17.4,17.42,0.1148105626,1.04,"Expe005_1b","E64",0.074,133.4,1.88,2.35,83.4,0,0,0,0,0,1,0,0,0,"Prague","mus","PWD_PWD","SY",5343,42,"PWD","SY",5340,42,"2018-04-01",4,4,"2","2","EX",757,"M","43","1M","5.02",6.72,"L3","PWD","PWD","parental strains",14.1428571429,1,4.002,0.0540810810810811,2630.61025944661,74.5,"Positive",52.6122051889322,4002,54081.0810810811,2845324.93467712
"69","LM0211","FNP","4",17.05,17.42,2.1239954076,0.8,"Expe005_1b","E64",0.131,70.2,1.85,0.89,20.2,1,0,0,0,0,1,0,0,0,"Prague","mus","PWD_PWD","SY",5343,42,"PWD","SY",5340,42,"2018-04-01",4,4,"2","2","EX",757,"M","43","1M","5.02",6.72,"L3","PWD","PWD","parental strains",14.1428571429,1,2.106,0.0160763358778626,627017.604713794,74.5,"Positive",12540.3520942759,2106,16076.3358778626,201602912.294237
"70","LM0211","OUW","2",17.76,17.42,-1.9517795637,NA,"Expe005_1b","E64",0.073,101.7,1.87,1.88,51.7,0,NA,NA,NA,NA,1,NA,NA,0,"Prague","mus","PWD_PWD","SY",5343,42,"PWD","SY",5340,42,"2018-04-01",4,4,"2","2","EX",757,"M","43","1M","5.02",6.72,"L3","PWD","PWD","parental strains",14.1428571429,1,3.051,0.0417945205479452,4957.48555337019,74.5,"Positive",99.1497110674037,3051,41794.5205479452,4143914.63652943
"71","LM0211","BKT","0",17.42,17.42,0,1.38,"Expe005_1b","E64",0.069,96.2,1.89,0.83,46.2,0,0,0,0,0,1,0,0,0,"Prague","mus","PWD_PWD","SY",5343,42,"PWD","SY",5340,42,"2018-04-01",4,4,"2","2","EX",757,"M","43","1M","5.02",6.72,"L3","PWD","PWD","parental strains",14.1428571429,1,2.886,0.0418260869565217,0,0,"Negative",0,2886,41826.0869565217,0
"72","LM0211","FPS","8",17.26,17.42,0.9184845006,1.11,"Expe005_1b","E64",0.065,101.8,1.89,2.23,51.8,0,13,12,17,11,1,13.25,132500,119369.369369369,"Prague","mus","PWD_PWD","SY",5343,42,"PWD","SY",5340,42,"2018-04-01",4,4,"2","2","EX",757,"M","43","1M","5.02",6.72,"L3","PWD","PWD","parental strains",14.1428571429,1,3.054,0.0469846153846154,197565.978623537,74.5,"Positive",3951.31957247073,3054,46984.6153846154,185651230.37424
"73","LM0211","PVW","5",15.65,17.42,10.1607347876,0.35,"Expe005_1b","E64",0.036,101.9,1.89,2.01,51.9,0,12,10,12,12,1,11.5,115000,328571.428571429,"Prague","mus","PWD_PWD","SY",5343,42,"PWD","SY",5340,42,"2018-04-01",4,4,"2","2","EX",757,"M","43","1M","5.02",6.72,"L3","PWD","PWD","parental strains",14.1428571429,1,3.057,0.0849166666666667,5054126.10637064,74.3333333333333,"Positive",101082.522127413,3057,84916.6666666667,8583590837.31947
"74","LM0211","FPY","1",17.7,17.42,-1.607347876,NA,"Expe005_1b","E64",0.07,116.2,1.89,2.24,66.2,0,NA,NA,NA,NA,NA,NA,NA,0,"Prague","mus","PWD_PWD","SY",5343,42,"PWD","SY",5340,42,"2018-04-01",4,4,"2","2","EX",757,"M","43","1M","5.02",6.72,"L3","PWD","PWD","parental strains",14.1428571429,1,3.486,0.0498,0,0,"Negative",0,3486,49800,0
"75","LM0211","APU","9",17.73,17.42,-1.7795637199,0.94,"Expe005_1b","E64",0.044,95.6,1.92,1.3,45.6,0,3,0,4,3,1,2.5,25000,26595.7446808511,"Prague","mus","PWD_PWD","SY",5343,42,"PWD","SY",5340,42,"2018-04-01",4,4,"2","2","EX",757,"M","43","1M","5.02",6.72,"L3","PWD","PWD","parental strains",14.1428571429,1,2.868,0.0651818181818182,6575.35976534633,74.5,"Positive",131.507195306927,2868,65181.8181818182,8571878.09409695
"76","LM0211","DJU","6",14.26,17.42,18.1400688863,0.2,"Expe005_1b","E64",0.025,113.8,1.91,2.25,63.8,0,18,15,15,26,1,18.5,185000,925000,"Prague","mus","PWD_PWD","SY",5343,42,"PWD","SY",5340,42,"2018-04-01",4,4,"2","2","EX",757,"M","43","1M","5.02",6.72,"L3","PWD","PWD","parental strains",14.1428571429,1,3.414,0.13656,1328336.17490619,74.5,"Positive",26566.7234981237,3414,136560,3627951760.90378
"77","LM0211","DKM","10",17.94,17.42,-2.9850746269,0.89,"Expe005_1b","E64",0.141,108.4,1.9,2.16,58.4,0,0,1,1,2,1,1,10000,11235.9550561798,"Prague","mus","PWD_PWD","SY",5343,42,"PWD","SY",5340,42,"2018-04-01",4,4,"2","2","EX",757,"M","43","1M","5.02",6.72,"L3","PWD","PWD","parental strains",14.1428571429,1,3.252,0.023063829787234,1856.86841819264,74.5,"Positive",37.1373683638527,3252,23063.829787234,856529.942689709
"78","LM0212","BOX","9",20.71,21.58,4.031510658,2.07,"Expe005_1b","E64",0.105,94.8,1.92,0.53,44.8,1,6,4,3,4,1,4.25,42500,20531.4009661836,"SCHUNT x STRA","dom","SCHUNT_STRA","SY",3472,36,"STRA","SY",7281,56,"2018-04-10",4,7,"5","2","EX",813,"M","F1","1M","5.52",9.89,"L3","SCHUNT","STRA","outbred hybrids",12.8571428571,1,2.844,0.0270857142857143,3103.03932594131,74.5,"Positive",62.0607865188263,2844,27085.7142857143,1680960.73199564
"79","LM0212","CNR","8",20.18,21.58,6.4874884152,1.71,"Expe005_1b","E64",0.104,117.8,1.88,1.89,67.8,0,10,8,8,12,1,9.5,95000,55555.5555555556,"SCHUNT x STRA","dom","SCHUNT_STRA","SY",3472,36,"STRA","SY",7281,56,"2018-04-10",4,7,"5","2","EX",813,"M","F1","1M","5.52",9.89,"L3","SCHUNT","STRA","outbred hybrids",12.8571428571,1,3.534,0.0339807692307692,40149.6180901556,74.5,"Positive",802.992361803111,3534,33980.7692307692,27286298.1405019
"80","LM0212","HTY","2",21.11,21.58,2.1779425394,NA,"Expe005_1b","E64",0.134,72.9,1.89,0.83,22.9,1,NA,NA,NA,NA,NA,NA,NA,0,"SCHUNT x STRA","dom","SCHUNT_STRA","SY",3472,36,"STRA","SY",7281,56,"2018-04-10",4,7,"5","2","EX",813,"M","F1","1M","5.52",9.89,"L3","SCHUNT","STRA","outbred hybrids",12.8571428571,1,2.187,0.0163208955223881,271.961361024732,74.5,"Positive",5.43922722049465,2187,16320.8955223881,88773.0591882223
"81","LM0212","GHT","1",21.55,21.58,0.1390176089,NA,"Expe005_1b","E64",0.15,81.6,1.83,2.09,31.6,0,NA,NA,NA,NA,NA,NA,NA,0,"SCHUNT x STRA","dom","SCHUNT_STRA","SY",3472,36,"STRA","SY",7281,56,"2018-04-10",4,7,"5","2","EX",813,"M","F1","1M","5.52",9.89,"L3","SCHUNT","STRA","outbred hybrids",12.8571428571,1,2.448,0.01632,0,0,"Negative",0,2448,16320,0
"82","LM0212","DIK","10",20.68,21.58,4.1705282669,1.34,"Expe005_1b","E64",0.1,47.1,1.81,1.69,NA,0,2,0,2,0,1,1,10000,7462.68656716418,"SCHUNT x STRA","dom","SCHUNT_STRA","SY",3472,36,"STRA","SY",7281,56,"2018-04-10",4,7,"5","2","EX",813,"M","F1","1M","5.52",9.89,"L3","SCHUNT","STRA","outbred hybrids",12.8571428571,1,1.413,0.01413,638.690975423046,74.5,"Positive",12.7738195084609,1413,14130,180494.069654553
"83","LM0212","HLO","4",19.42,21.58,10.0092678406,1.59,"Expe005_1b","E64",0.247,46.7,1.9,0.12,NA,1,0,0,0,1,1,0,0,0,"SCHUNT x STRA","dom","SCHUNT_STRA","SY",3472,36,"STRA","SY",7281,56,"2018-04-10",4,7,"5","2","EX",813,"M","F1","1M","5.52",9.89,"L3","SCHUNT","STRA","outbred hybrids",12.8571428571,1,1.401,0.00567206477732794,719536.579193876,74.3333333333333,"Positive",14390.7315838775,1401,5672.06477732794,81625161.7368924
"84","LM0212","DNY","7",19.67,21.58,8.8507877665,1.5,"Expe005_1b","E64",0.108,88.7,1.87,1.06,38.7,0,31,24,38,35,1,32,320000,213333.333333333,"SCHUNT x STRA","dom","SCHUNT_STRA","SY",3472,36,"STRA","SY",7281,56,"2018-04-10",4,7,"5","2","EX",813,"M","F1","1M","5.52",9.89,"L3","SCHUNT","STRA","outbred hybrids",12.8571428571,1,2.661,0.0246388888888889,657536.175702247,74.5,"Positive",13150.7235140449,2661,24638.8888888889,324019215.471052
"85","LM0212","ABY","6",18.68,21.58,13.4383688601,0.85,"Expe005_1b","E64",0.056,122.9,1.91,2.13,72.9,1,171,125,240,203,1,184.75,1847500,2173529.41176471,"SCHUNT x STRA","dom","SCHUNT_STRA","SY",3472,36,"STRA","SY",7281,56,"2018-04-10",4,7,"5","2","EX",813,"M","F1","1M","5.52",9.89,"L3","SCHUNT","STRA","outbred hybrids",12.8571428571,1,3.687,0.0658392857142857,1075675.54697313,74.5,"Positive",21513.5109394626,3687,65839.2857142857,1416434193.46069
"86","LM0212","HJQ","0",21.58,21.58,0,1.29,"Expe005_1b","E64",0.15,71,1.9,0.26,21,1,0,0,0,0,1,0,0,0,"SCHUNT x STRA","dom","SCHUNT_STRA","SY",3472,36,"STRA","SY",7281,56,"2018-04-10",4,7,"5","2","EX",813,"M","F1","1M","5.52",9.89,"L3","SCHUNT","STRA","outbred hybrids",12.8571428571,1,2.13,0.0142,0,0,"Negative",0,2130,14200,0
"87","LM0212","NOP","5",19.1,21.58,11.4921223355,0.46,"Expe005_1b","E64",0.055,101.3,1.85,2.22,51.3,0,8,4,11,5,1,7,70000,152173.913043478,"SCHUNT x STRA","dom","SCHUNT_STRA","SY",3472,36,"STRA","SY",7281,56,"2018-04-10",4,7,"5","2","EX",813,"M","F1","1M","5.52",9.89,"L3","SCHUNT","STRA","outbred hybrids",12.8571428571,1,3.039,0.0552545454545455,3831989.7593023,74.5,"Positive",76639.7951860461,3039,55254.5454545455,4234697046.73444
"88","LM0212","GKV","3",21.06,21.58,2.4096385542,1.22,"Expe005_1b","E64",0.142,69.5,1.95,0.26,19.5,0,0,0,0,0,1,0,0,0,"SCHUNT x STRA","dom","SCHUNT_STRA","SY",3472,36,"STRA","SY",7281,56,"2018-04-10",4,7,"5","2","EX",813,"M","F1","1M","5.52",9.89,"L3","SCHUNT","STRA","outbred hybrids",12.8571428571,1,2.085,0.0146830985915493,1039.3862411857,74.5,"Positive",20.787724823714,2085,14683.0985915493,305228.213080589
"89","LM0213","DRT","9",16.67,15.39,-8.3170890188,0.92,"Expe005_1b","E64",NA,NA,NA,NA,NA,NA,2,4,11,6,1,5.75,57500,62500,"Prague","mus","PWD_PWD","SY",5343,42,"PWD","SY",5340,42,"2018-03-07",3,9,"5","4","EX",667,"F","43","1F","4.34",4.99,"L4","PWD","PWD","parental strains",17.7142857143,1,NA,NA,NA,NA,NA,NA,NA,NA,NA
"90","LM0213","NST","8",16.57,15.39,-7.6673164392,0.98,"Expe005_1b","E64",0.125,107.8,1.8,1.39,57.8,0,5,2,5,3,1,3.75,37500,38265.306122449,"Prague","mus","PWD_PWD","SY",5343,42,"PWD","SY",5340,42,"2018-03-07",3,9,"5","4","EX",667,"F","43","1F","4.34",4.99,"L4","PWD","PWD","parental strains",17.7142857143,1,3.234,0.025872,61843.0315697116,74.5,"Positive",1236.86063139423,3234,25872,32000058.2554316
"91","LM0213","DMY","7",15.43,15.39,-0.2599090318,0.84,"Expe005_1b","E64",0.051,78.3,1.84,1.21,28.3,0,53,58,85,63,1,64.75,647500,770833.333333333,"Prague","mus","PWD_PWD","SY",5343,42,"PWD","SY",5340,42,"2018-03-07",3,9,"5","4","EX",667,"F","43","1F","4.34",4.99,"L4","PWD","PWD","parental strains",17.7142857143,1,2.349,0.0460588235294118,536439.086180304,74,"Positive",10728.7817236061,2349,46058.8235294118,494155064.093151
"92","LM0213","DPZ","5",13.47,15.39,12.4756335283,0.23,"Expe005_1b","E64",0.111,149.1,1.88,1.76,99.1,0,5,1,5,6,1,4.25,42500,184782.608695652,"Prague","mus","PWD_PWD","SY",5343,42,"PWD","SY",5340,42,"2018-03-07",3,9,"5","4","EX",667,"F","43","1F","4.34",4.99,"L4","PWD","PWD","parental strains",17.7142857143,1,4.473,0.0402972972972973,1208399.21453953,74.5,"Positive",24167.9842907906,4473,40297.2972972973,973904448.042399
"93","LM0213","FHV","0",15.39,15.39,0,1.4,"Expe005_1b","E64",0.094,103,1.82,2.06,53,0,0,0,0,0,1,0,0,0,"Prague","mus","PWD_PWD","SY",5343,42,"PWD","SY",5340,42,"2018-03-07",3,9,"5","4","EX",667,"F","43","1F","4.34",4.99,"L4","PWD","PWD","parental strains",17.7142857143,1,3.09,0.0328723404255319,0,0,"Negative",0,3090,32872.3404255319,0
"94","LM0213","CGQ","4",14.74,15.39,4.2235217674,0.86,"Expe005_1b","E64",0.165,76.3,1.78,0.25,26.3,0,2,1,1,0,1,1,10000,11627.9069767442,"Prague","mus","PWD_PWD","SY",5343,42,"PWD","SY",5340,42,"2018-03-07",3,9,"5","4","EX",667,"F","43","1F","4.34",4.99,"L4","PWD","PWD","parental strains",17.7142857143,1,2.289,0.0138727272727273,576225.293245686,74.3333333333333,"Positive",11524.5058649137,2289,13872.7272727273,159876326.816894
"95","LM0213","ABM","6",14.03,15.39,8.8369070825,0.49,"Expe005_1b","E64",0.063,106.6,1.88,1.76,56.6,0,72,64,69,75,1,70,7e+05,1428571.42857143,"Prague","mus","PWD_PWD","SY",5343,42,"PWD","SY",5340,42,"2018-03-07",3,9,"5","4","EX",667,"F","43","1F","4.34",4.99,"L4","PWD","PWD","parental strains",17.7142857143,1,3.198,0.0507619047619048,8327497.65231098,74.5,"Positive",166549.95304622,3198,50761.9047619048,8454392854.63191
"96","LM0213","ORX","1",15.33,15.39,0.3898635478,NA,"Expe005_1b","E64",0.08,66.7,1.83,2.11,16.7,0,NA,NA,NA,NA,NA,NA,NA,0,"Prague","mus","PWD_PWD","SY",5343,42,"PWD","SY",5340,42,"2018-03-07",3,9,"5","4","EX",667,"F","43","1F","4.34",4.99,"L4","PWD","PWD","parental strains",17.7142857143,1,2.001,0.0250125,0,0,"Negative",0,2001,25012.5,0
"97","LM0213","DJW","3",15.95,15.39,-3.6387264457,0.93,"Expe005_1b","E64",0.047,98.6,1.87,2.1,48.6,0,0,0,0,0,1,0,0,0,"Prague","mus","PWD_PWD","SY",5343,42,"PWD","SY",5340,42,"2018-03-07",3,9,"5","4","EX",667,"F","43","1F","4.34",4.99,"L4","PWD","PWD","parental strains",17.7142857143,1,2.958,0.062936170212766,1662.49382007743,74.5,"Positive",33.2498764015485,2958,62936.170212766,2092619.88076129
"98","LM0213","CFO","2",15.58,15.39,-1.2345679012,NA,"Expe005_1b","E64",0.091,76.1,1.95,0.74,26.1,1,NA,NA,NA,NA,NA,NA,NA,0,"Prague","mus","PWD_PWD","SY",5343,42,"PWD","SY",5340,42,"2018-03-07",3,9,"5","4","EX",667,"F","43","1F","4.34",4.99,"L4","PWD","PWD","parental strains",17.7142857143,1,2.283,0.0250879120879121,0,0,"Negative",0,2283,25087.9120879121,0
"99","LM0213","TUW","10",15.75,15.39,-2.3391812865,0.56,"Expe005_1b","E64",0.17,97.1,1.84,1.32,47.1,0,0,0,0,0,1,0,0,0,"Prague","mus","PWD_PWD","SY",5343,42,"PWD","SY",5340,42,"2018-03-07",3,9,"5","4","EX",667,"F","43","1F","4.34",4.99,"L4","PWD","PWD","parental strains",17.7142857143,1,2.913,0.0171352941176471,1188.78161979579,74.5,"Positive",23.7756323959158,2913,17135.2941176471,407402.453937075
"100","LM0214","DLQ","5",25.41,27.43,7.3641997813,0.92,"Expe005_1b","E64",0.097,122.7,1.84,1.82,72.7,0,0,1,0,0,1,0,0,0,"Straas2","dom","STRA_STRA","SY",4827,55,"STRA","SY",4823,55,"2018-04-03",3,7,"2","5","EX",773,"M","56","1M","7.05",11.98,"P2","STRA","STRA","parental strains",13.8571428571,1,3.681,0.0379484536082474,3167484.91731003,74.5,"Positive",63349.6983462005,3681,37948.4536082474,2404023088.78726
"101","LM0214","KPT","3",28.3,27.43,-3.1717098068,1.73,"Expe005_1b","E64",0.227,78.8,1.83,0.3,28.8,1,0,0,0,0,1.5,0,0,0,"Straas2","dom","STRA_STRA","SY",4827,55,"STRA","SY",4823,55,"2018-04-03",3,7,"2","5","EX",773,"M","56","1M","7.05",11.98,"P2","STRA","STRA","parental strains",13.8571428571,1,2.364,0.0104140969162996,2834.76814177406,74.5,"Positive",56.6953628354813,2364,10414.0969162996,590431.00327347
"102","LM0214","EIJ","10",28.34,27.43,-3.317535545,1.15,"Expe005_1b","E64",0.209,95.4,1.87,1.86,45.5,1,0,0,2,0,1,0.5,5000,4347.82608695652,"Straas2","dom","STRA_STRA","SY",4827,55,"STRA","SY",4823,55,"2018-04-03",3,7,"2","5","EX",773,"M","56","1M","7.05",11.98,"P2","STRA","STRA","parental strains",13.8571428571,1,2.862,0.0136937799043062,487.690701002998,74,"Positive",9.75381402005996,2862,13693.7799043062,133566.582418237
"103","LM0214","NXZ","8",26.88,27.43,2.0051039008,1.67,"Expe005_1b","E64",0.139,91.5,1.86,1.84,41.5,0,8,1,7,5,2,5.25,105000,62874.251497006,"Straas2","dom","STRA_STRA","SY",4827,55,"STRA","SY",4823,55,"2018-04-03",3,7,"2","5","EX",773,"M","56","1M","7.05",11.98,"P2","STRA","STRA","parental strains",13.8571428571,1,2.745,0.0197482014388489,19788.9732515407,74.5,"Positive",395.779465030814,2745,19748.2014388489,7815932.60078837
"104","LM0214","FLM","1",27.03,27.43,1.4582573824,NA,"Expe005_1b","E64",0.174,81.4,1.89,1.92,31.4,0,NA,NA,NA,NA,NA,NA,NA,0,"Straas2","dom","STRA_STRA","SY",4827,55,"STRA","SY",4823,55,"2018-04-03",3,7,"2","5","EX",773,"M","56","1M","7.05",11.98,"P2","STRA","STRA","parental strains",13.8571428571,1,2.442,0.0140344827586207,NA,NA,NA,NA,2442,14034.4827586207,NA
"105","LM0214","DES","0",27.43,27.43,0,1.12,"Expe005_1b","E64",0.136,60.4,1.83,0.21,10.4,0,0,0,0,0,1,0,0,0,"Straas2","dom","STRA_STRA","SY",4827,55,"STRA","SY",4823,55,"2018-04-03",3,7,"2","5","EX",773,"M","56","1M","7.05",11.98,"P2","STRA","STRA","parental strains",13.8571428571,1,1.812,0.0133235294117647,0,0,"Negative",0,1812,13323.5294117647,0
"106","LM0214","ADQ","2",27.31,27.43,0.4374772147,NA,"Expe005_1b","E64",0.179,82.6,1.9,1.85,32.6,0,NA,NA,NA,NA,NA,NA,NA,0,"Straas2","dom","STRA_STRA","SY",4827,55,"STRA","SY",4823,55,"2018-04-03",3,7,"2","5","EX",773,"M","56","1M","7.05",11.98,"P2","STRA","STRA","parental strains",13.8571428571,1,2.478,0.0138435754189944,109.302075709982,75,"Positive",2.18604151419965,2478,13843.5754189944,30262.6305708756
"107","LM0214","CEY","9",28.05,27.43,-2.2602989428,1.27,"Expe005_1b","E64",NA,NA,NA,NA,NA,NA,6,6,3,9,2,6,120000,94488.1889763779,"Straas2","dom","STRA_STRA","SY",4827,55,"STRA","SY",4823,55,"2018-04-03",3,7,"2","5","EX",773,"M","56","1M","7.05",11.98,"P2","STRA","STRA","parental strains",13.8571428571,1,NA,NA,NA,NA,NA,NA,NA,NA,NA
"108","LM0214","EUV","7",24.93,27.43,9.1141086402,2.39,"Expe005_1b","E64",0.108,100,1.94,1.93,50,1,51,41,70,56,2,54.5,1090000,456066.945606695,"Straas2","dom","STRA_STRA","SY",4827,55,"STRA","SY",4823,55,"2018-04-03",3,7,"2","5","EX",773,"M","56","1M","7.05",11.98,"P2","STRA","STRA","parental strains",13.8571428571,1,3,0.0277777777777778,1211785.40797502,74.5,"Positive",24235.7081595003,3000,27777.7777777778,673214115.541675
"109","LM0214","PRY","4",26.54,27.43,3.2446226759,2.14,"Expe005_1b","E64",0.14,125.4,1.96,1.18,75.4,1,0,0,0,0,2,0,0,0,"Straas2","dom","STRA_STRA","SY",4827,55,"STRA","SY",4823,55,"2018-04-03",3,7,"2","5","EX",773,"M","56","1M","7.05",11.98,"P2","STRA","STRA","parental strains",13.8571428571,1,3.762,0.0268714285714286,386695.402107141,74.5,"Positive",7733.90804214281,3762,26871.4285714286,207821157.532438
"110","LM0214","OTZ","6",24.34,27.43,11.2650382793,0.29,"Expe005_1b","E64",0.084,206.9,1.84,0.85,156.9,0,50,40,30,39,1,39.75,397500,1370689.65517241,"Straas2","dom","STRA_STRA","SY",4827,55,"STRA","SY",4823,55,"2018-04-03",3,7,"2","5","EX",773,"M","56","1M","7.05",11.98,"P2","STRA","STRA","parental strains",13.8571428571,1,6.207,0.0738928571428571,1962309.03186863,74.5,"Positive",39246.1806373725,6207,73892.8571428571,2900012419.24013
"111","LM0215","DGQ","3",24.29,23.9,-1.6317991632,1.84,"Expe005_1b","E64",0.098,109.5,1.84,0.54,59.5,1,0,0,0,0,1,0,0,0,"BUSNA x STRA","mus x dom","BUSNA_STRA","SY",6114,60,"STRA","SY",6345,55,"2018-02-23",2,3,"0","3","EX",622,"F","F1","1F","7.76",13.35,"L4","BUSNA","STRA","inter subsp. hybrids",19.4285714286,1,3.285,0.0335204081632653,4603.62238014143,74.5,"Positive",92.0724476028285,3285,33520.4081632653,3086306.02423767
"112","LM0215","PRZ","2",24.17,23.9,-1.129707113,NA,"Expe005_1b","E64",0.104,120.4,1.95,0.68,70.4,0,NA,NA,NA,NA,NA,NA,NA,0,"BUSNA x STRA","mus x dom","BUSNA_STRA","SY",6114,60,"STRA","SY",6345,55,"2018-02-23",2,3,"0","3","EX",622,"F","F1","1F","7.76",13.35,"L4","BUSNA","STRA","inter subsp. hybrids",19.4285714286,1,3.612,0.0347307692307692,415.113075004805,74.5,"Positive",8.30226150009611,3612,34730.7692307692,288343.928253338
"113","LM0215","KQY","10",25.05,23.9,-4.8117154812,0.96,"Expe005_1b","E64",0.17,98,1.89,1.81,48,1,0,0,0,0,1,0,0,0,"BUSNA x STRA","mus x dom","BUSNA_STRA","SY",6114,60,"STRA","SY",6345,55,"2018-02-23",2,3,"0","3","EX",622,"F","F1","1F","7.76",13.35,"L4","BUSNA","STRA","inter subsp. hybrids",19.4285714286,1,2.94,0.0172941176470588,488.356891645151,74.5,"Positive",9.76713783290302,2940,17294.1176470588,168914.030757264
"114","LM0215","KNW","8",24.82,23.9,-3.8493723849,1.52,"Expe005_1b","E64",0.071,61.1,1.89,2.19,22.4,0,2,7,8,4,1,5.25,52500,34539.4736842105,"BUSNA x STRA","mus x dom","BUSNA_STRA","SY",6114,60,"STRA","SY",6345,55,"2018-02-23",2,3,"0","3","EX",622,"F","F1","1F","7.76",13.35,"L4","BUSNA","STRA","inter subsp. hybrids",19.4285714286,1,1.833,0.0258169014084507,12947.5317749766,74,"Positive",258.950635499532,1833,25816.9014084507,6685303.02634708
"115","LM0215","EQZ","9",25.25,23.9,-5.6485355649,1.47,"Expe005_1b","E64",0.143,112.2,1.9,2.34,62.2,1,0,0,0,0,1,0,0,0,"BUSNA x STRA","mus x dom","BUSNA_STRA","SY",6114,60,"STRA","SY",6345,55,"2018-02-23",2,3,"0","3","EX",622,"F","F1","1F","7.76",13.35,"L4","BUSNA","STRA","inter subsp. hybrids",19.4285714286,1,3.366,0.0235384615384615,263.731398868621,74.5,"Positive",5.27462797737243,3366,23538.4615384615,124156.627775074
"116","LM0215","ELT","0",23.9,23.9,0,1.73,"Expe005_1b","E64",0.165,61.6,1.84,0.38,11.6,0,0,0,0,0,1,0,0,0,"BUSNA x STRA","mus x dom","BUSNA_STRA","SY",6114,60,"STRA","SY",6345,55,"2018-02-23",2,3,"0","3","EX",622,"F","F1","1F","7.76",13.35,"L4","BUSNA","STRA","inter subsp. hybrids",19.4285714286,1,1.848,0.0112,0,0,"Negative",0,1848,11200,0
"117","LM0215","GMN","1",23.94,23.9,-0.1673640167,NA,"Expe005_1b","E64",0.203,41.3,1.83,1.84,NA,1,NA,NA,NA,NA,NA,NA,NA,0,"BUSNA x STRA","mus x dom","BUSNA_STRA","SY",6114,60,"STRA","SY",6345,55,"2018-02-23",2,3,"0","3","EX",622,"F","F1","1F","7.76",13.35,"L4","BUSNA","STRA","inter subsp. hybrids",19.4285714286,1,1.239,0.00610344827586207,0,0,"Negative",0,1239,6103.44827586207,0
"118","LM0215","GMX","6",23.61,23.9,1.2133891213,1.32,"Expe005_1b","E64",0.077,86.2,1.89,2.05,36.2,1,265,291,312,268,1,284,2840000,2151515.15151515,"BUSNA x STRA","mus x dom","BUSNA_STRA","SY",6114,60,"STRA","SY",6345,55,"2018-02-23",2,3,"0","3","EX",622,"F","F1","1F","7.76",13.35,"L4","BUSNA","STRA","inter subsp. hybrids",19.4285714286,1,2.586,0.0335844155844156,643681.371023026,74.5,"Positive",12873.6274204605,2586,33584.4155844156,432353253.367674
"119","LM0215","EWX","4",22.96,23.9,3.9330543933,1.76,"Expe005_1b","E64",0.24,87.4,1.87,1.31,37.4,1,1,1,2,2,2,1.5,30000,17045.4545454545,"BUSNA x STRA","mus x dom","BUSNA_STRA","SY",6114,60,"STRA","SY",6345,55,"2018-02-23",2,3,"0","3","EX",622,"F","F1","1F","7.76",13.35,"L4","BUSNA","STRA","inter subsp. hybrids",19.4285714286,1,2.622,0.010925,630749.466061237,74.5,"Positive",12614.9893212247,2622,10925,137818758.33438
"120","LM0215","CPS","5",22.3,23.9,6.6945606695,0.7,"Expe005_1b","E64",0.12,114.3,1.85,1.45,64.3,0,2,4,3,6,1,3.75,37500,53571.4285714286,"BUSNA x STRA","mus x dom","BUSNA_STRA","SY",6114,60,"STRA","SY",6345,55,"2018-02-23",2,3,"0","3","EX",622,"F","F1","1F","7.76",13.35,"L4","BUSNA","STRA","inter subsp. hybrids",19.4285714286,1,3.429,0.028575,2169999.77012841,74.5,"Positive",43399.9954025683,3429,28575,1240154868.62839
"121","LM0215","ENO","7",25.42,23.9,-6.359832636,1.29,"Expe005_1b","E64",0.123,103.8,1.86,1.91,53.8,0,33,26,42,20,1,30.25,302500,234496.124031008,"BUSNA x STRA","mus x dom","BUSNA_STRA","SY",6114,60,"STRA","SY",6345,55,"2018-02-23",2,3,"0","3","EX",622,"F","F1","1F","7.76",13.35,"L4","BUSNA","STRA","inter subsp. hybrids",19.4285714286,1,3.114,0.0253170731707317,118931.029922916,74.5,"Positive",2378.62059845833,3114,25317.0731707317,60219711.7365791
"122","LM0216","JOW","7",17.88,18.37,2.6673924878,1.85,"Expe005_1b","E64",0.086,127.5,1.88,1.34,77.5,0,11,12,16,13,2,13,260000,140540.540540541,"Buskovice","mus","BUSNA_BUSNA","SY",5146,59,"BUSNA","SY",5144,59,"2018-04-26",7,4,"1+?","2+?","EX",1038,"F","60","1F","6,,08",8.91,"P4","BUSNA","BUSNA","parental strains",10.5714285714,1,3.825,0.0444767441860465,38220.489152694,74.5,"Positive",764.409783053881,3825,44476.7441860465,33998458.3741988
"123","LM0216","JMW","3",16.84,18.37,8.3287969516,1.16,"Expe005_1b","E64",0.102,129.6,1.86,2.27,79.6,0,0,0,0,0,1,0,0,0,"Buskovice","mus","BUSNA_BUSNA","SY",5146,59,"BUSNA","SY",5144,59,"2018-04-26",7,4,"1+?","2+?","EX",1038,"F","60","1F","6,,08",8.91,"P4","BUSNA","BUSNA","parental strains",10.5714285714,1,3.888,0.0381176470588235,5906.19791367348,74.5,"Positive",118.12395827347,3888,38117.6470588235,4502607.35065931
"124","LM0216","BDV","5",15.06,18.37,18.0185084377,0.39,"Expe005_1b","E64",0.054,115.5,1.83,1.5,65.5,0,9,12,16,8,1,11.25,112500,288461.538461538,"Buskovice","mus","BUSNA_BUSNA","SY",5146,59,"BUSNA","SY",5144,59,"2018-04-26",7,4,"1+?","2+?","EX",1038,"F","60","1F","6,,08",8.91,"P4","BUSNA","BUSNA","parental strains",10.5714285714,1,3.465,0.0641666666666667,4801477.98766423,74.5,"Positive",96029.5597532846,3465,64166.6666666667,6161896750.83576
"125","LM0216","ABJ","2",16.49,18.37,10.2340772999,NA,"Expe005_1b","E64",0.115,124.3,1.83,2.17,74.3,0,NA,NA,NA,NA,NA,NA,NA,0,"Buskovice","mus","BUSNA_BUSNA","SY",5146,59,"BUSNA","SY",5144,59,"2018-04-26",7,4,"1+?","2+?","EX",1038,"F","60","1F","6,,08",8.91,"P4","BUSNA","BUSNA","parental strains",10.5714285714,1,3.729,0.0324260869565217,481.650143144102,74.3333333333333,"Positive",9.63300286288204,3729,32426.0869565217,312360.588484236
"126","LM0216","ALW","8",17.04,18.37,7.2400653239,1.62,"Expe005_1b","E64",0.078,158.1,1.84,2.04,108.1,0,0,0,0,0,1,0,0,0,"Buskovice","mus","BUSNA_BUSNA","SY",5146,59,"BUSNA","SY",5144,59,"2018-04-26",7,4,"1+?","2+?","EX",1038,"F","60","1F","6,,08",8.91,"P4","BUSNA","BUSNA","parental strains",10.5714285714,1,4.743,0.0608076923076923,8576.21517071438,74.1666666666667,"Positive",171.524303414288,4743,60807.6923076923,10429997.0653073
"127","LM0216","NVW","9",17.65,18.37,3.9194338596,0.74,"Expe005_1b","E64",0.11,152.9,1.88,2.4,102.9,0,0,1,1,1,1,0.75,7500,10135.1351351351,"Buskovice","mus","BUSNA_BUSNA","SY",5146,59,"BUSNA","SY",5144,59,"2018-04-26",7,4,"1+?","2+?","EX",1038,"F","60","1F","6,,08",8.91,"P4","BUSNA","BUSNA","parental strains",10.5714285714,1,4.587,0.0417,0,0,"Negative",0,4587,41700,0
"128","LM0216","BFX","6",16.92,18.37,7.8933043005,1.26,"Expe005_1b","E64",0.068,152.6,1.93,2.2,102.6,0,208,204,224,211,1,211.75,2117500,1680555.55555556,"Buskovice","mus","BUSNA_BUSNA","SY",5146,59,"BUSNA","SY",5144,59,"2018-04-26",7,4,"1+?","2+?","EX",1038,"F","60","1F","6,,08",8.91,"P4","BUSNA","BUSNA","parental strains",10.5714285714,1,4.578,0.0673235294117647,653188.337633435,74.5,"Positive",13063.7667526687,4578,67323.5294117647,879498885.201725
"129","LM0216","AMT","10",17.79,18.37,3.1573217202,0.93,"Expe005_1b","E64",0.16,102.8,1.83,1.84,52.8,1,0,1,0,1,1,0.5,5000,5376.34408602151,"Buskovice","mus","BUSNA_BUSNA","SY",5146,59,"BUSNA","SY",5144,59,"2018-04-26",7,4,"1+?","2+?","EX",1038,"F","60","1F","6,,08",8.91,"P4","BUSNA","BUSNA","parental strains",10.5714285714,1,3.084,0.019275,430.793099470857,74.5,"Positive",8.61586198941714,3084,19275,166070.739846015
"130","LM0216","NSU","0",18.37,18.37,0,1.26,"Expe005_1b","E64",0.137,61.4,1.85,2,11.4,1,0,0,0,0,1,0,0,0,"Buskovice","mus","BUSNA_BUSNA","SY",5146,59,"BUSNA","SY",5144,59,"2018-04-26",7,4,"1+?","2+?","EX",1038,"F","60","1F","6,,08",8.91,"P4","BUSNA","BUSNA","parental strains",10.5714285714,1,1.842,0.0134452554744526,0,0,"Negative",0,1842,13445.2554744526,0
"131","LM0216","SVY","1",17.12,18.37,6.8045726728,NA,"Expe005_1b","E64",0.228,104.4,1.86,2.01,54.4,1,NA,NA,NA,NA,1,NA,NA,0,"Buskovice","mus","BUSNA_BUSNA","SY",5146,59,"BUSNA","SY",5144,59,"2018-04-26",7,4,"1+?","2+?","EX",1038,"F","60","1F","6,,08",8.91,"P4","BUSNA","BUSNA","parental strains",10.5714285714,1,3.132,0.0137368421052632,0,0,"Negative",0,3132,13736.8421052632,0
"132","LM0216","GIQ","4",16.29,18.37,11.3228089276,1.05,"Expe005_1b","E64",0.302,103.3,1.87,1.04,53.3,0,0,0,0,2,1,0.5,5000,4761.90476190476,"Buskovice","mus","BUSNA_BUSNA","SY",5146,59,"BUSNA","SY",5144,59,"2018-04-26",7,4,"1+?","2+?","EX",1038,"F","60","1F","6,,08",8.91,"P4","BUSNA","BUSNA","parental strains",10.5714285714,1,3.099,0.0102615894039735,1316990.21807885,74.5,"Positive",26339.8043615771,3099,10261.5894039735,270288257.339494
"133","LM0217","CDS","3",17.41,17.74,1.8602029312,1.2,"Expe005_1b","E64",0.102,67.5,1.83,2.05,17.5,1,0,0,0,0,1,0,0,0,"Buskovice","mus","BUSNA_BUSNA","SY",5146,59,"BUSNA","SY",5144,59,"2018-04-26",7,4,"1+?","2+?","EX",1036,"M","60","1M","6.86",9.81,"P2","BUSNA","BUSNA","parental strains",10.5714285714,1,2.025,0.0198529411764706,12402.2024580622,74.5,"Positive",248.044049161245,2025,19852.9411764706,4924403.91717178
"134","LM0217","CEV","2",17.49,17.74,1.4092446449,NA,"Expe005_1b","E64",0.09,140.4,1.87,1.84,90.4,1,NA,NA,NA,NA,NA,NA,NA,0,"Buskovice","mus","BUSNA_BUSNA","SY",5146,59,"BUSNA","SY",5144,59,"2018-04-26",7,4,"1+?","2+?","EX",1036,"M","60","1M","6.86",9.81,"P2","BUSNA","BUSNA","parental strains",10.5714285714,1,4.212,0.0468,0,0,"Negative",0,4212,46800,0
"135","LM0217","MXY","4",16.77,17.74,5.4678692221,0.93,"Expe005_1b","E64",0.181,102.4,1.83,0.39,52.4,1,0,0,1,1,1,0.5,5000,5376.34408602151,"Buskovice","mus","BUSNA_BUSNA","SY",5146,59,"BUSNA","SY",5144,59,"2018-04-26",7,4,"1+?","2+?","EX",1036,"M","60","1M","6.86",9.81,"P2","BUSNA","BUSNA","parental strains",10.5714285714,1,3.072,0.0169723756906077,5130955.04576653,74.3333333333333,"Positive",102619.100915331,3072,16972.3756906077,1741689933.76738
"136","LM0217","FKY","0",17.74,17.74,0,1.3,"Expe005_1b","E64",0.094,69,1.86,0.97,19,0,0,0,0,0,1,0,0,0,"Buskovice","mus","BUSNA_BUSNA","SY",5146,59,"BUSNA","SY",5144,59,"2018-04-26",7,4,"1+?","2+?","EX",1036,"M","60","1M","6.86",9.81,"P2","BUSNA","BUSNA","parental strains",10.5714285714,1,2.07,0.0220212765957447,0,0,"Negative",0,2070,22021.2765957447,0
"137","LM0217","MQY","5",16.9,17.74,4.7350620068,0.39,"Expe005_1b","E64",0.079,117.8,1.87,1.63,67.8,0,19,27,16,25,1,21.75,217500,557692.307692308,"Buskovice","mus","BUSNA_BUSNA","SY",5146,59,"BUSNA","SY",5144,59,"2018-04-26",7,4,"1+?","2+?","EX",1036,"M","60","1M","6.86",9.81,"P2","BUSNA","BUSNA","parental strains",10.5714285714,1,3.534,0.0447341772151899,1438811.41782118,74.5,"Positive",28776.2283564236,3534,44734.1772151899,1287280898.88102
"138","LM0217","OVW","9",18.82,17.74,-6.0879368658,1.52,"Expe005_1b","E64",0.177,78,1.88,2.48,28,1,0,3,0,0,1,0.75,7500,4934.21052631579,"Buskovice","mus","BUSNA_BUSNA","SY",5146,59,"BUSNA","SY",5144,59,"2018-04-26",7,4,"1+?","2+?","EX",1036,"M","60","1M","6.86",9.81,"P2","BUSNA","BUSNA","parental strains",10.5714285714,1,2.34,0.0132203389830508,0,0,"Negative",0,2340,13220.3389830508,0
"139","LM0217","LPV","8",18.32,17.74,-3.2694475761,1.03,"Expe005_1b","E64",0.161,95.9,1.85,1.64,45.9,1,1,1,1,0,1,0.75,7500,7281.55339805825,"Buskovice","mus","BUSNA_BUSNA","SY",5146,59,"BUSNA","SY",5144,59,"2018-04-26",7,4,"1+?","2+?","EX",1036,"M","60","1M","6.86",9.81,"P2","BUSNA","BUSNA","parental strains",10.5714285714,1,2.877,0.0178695652173913,13452.17301621,73.6666666666667,"Positive",269.0434603242,2877,17869.5652173913,4807689.66057591
"140","LM0217","OPW","7",18.44,17.74,-3.9458850056,1.19,"Expe005_1b","E64",0.097,112.4,1.88,0.41,62.4,0,32,27,32,29,1,30,3e+05,252100.840336134,"Buskovice","mus","BUSNA_BUSNA","SY",5146,59,"BUSNA","SY",5144,59,"2018-04-26",7,4,"1+?","2+?","EX",1036,"M","60","1M","6.86",9.81,"P2","BUSNA","BUSNA","parental strains",10.5714285714,1,3.372,0.0347628865979381,324414.737420215,74.5,"Positive",6488.29474840431,3372,34762.8865979381,225551854.552776
"141","LM0217","OTY","1",17.54,17.74,1.1273957159,NA,"Expe005_1b","E64",0.189,89.8,1.85,0.76,39.8,1,NA,NA,NA,NA,NA,NA,NA,0,"Buskovice","mus","BUSNA_BUSNA","SY",5146,59,"BUSNA","SY",5144,59,"2018-04-26",7,4,"1+?","2+?","EX",1036,"M","60","1M","6.86",9.81,"P2","BUSNA","BUSNA","parental strains",10.5714285714,1,2.694,0.0142539682539683,0,0,"Negative",0,2694,14253.9682539683,0
"142","LM0217","DFN","6",17.4,17.74,1.916572717,1.31,"Expe005_1b","E64",0.072,126.1,1.91,2.08,76.1,0,187,184,182,278,1,207.75,2077500,1585877.86259542,"Buskovice","mus","BUSNA_BUSNA","SY",5146,59,"BUSNA","SY",5144,59,"2018-04-26",7,4,"1+?","2+?","EX",1036,"M","60","1M","6.86",9.81,"P2","BUSNA","BUSNA","parental strains",10.5714285714,1,3.783,0.0525416666666667,540447.320132427,74.5,"Positive",10808.9464026485,3783,52541.6666666667,567920058.905825
"143","LM0217","HMZ","10",19.45,17.74,-9.6392333709,1.18,"Expe005_1b","E64",0.093,128.9,1.8,1.67,78.9,1,0,0,0,0,1,0,0,0,"Buskovice","mus","BUSNA_BUSNA","SY",5146,59,"BUSNA","SY",5144,59,"2018-04-26",7,4,"1+?","2+?","EX",1036,"M","60","1M","6.86",9.81,"P2","BUSNA","BUSNA","parental strains",10.5714285714,1,3.867,0.0415806451612903,525.26061912828,74.1666666666667,"Positive",10.5052123825656,3867,41580.6451612903,436813.508423454
"144","LM0218","AEL","8",20.95,20.36,-2.8978388998,1.57,"Expe005_1b","E64",0.185,55.3,1.8,1.22,5.3,1,4,4,3,3,2,3.5,70000,44585.9872611465,"PWD x SCHUNT","mus x dom","PWD_SCHUNT","SY",5681,42,"SCHUNT","SY",8172,37,"2018-05-07",5,8,"4","4","EX",976,"M","F1","1M","5.83",9.66,"L2","PWD","SCHUNT","inter subsp. hybrids",9,1,1.659,0.00896756756756757,5527.94132603655,74.5,"Positive",110.558826520731,1659,8967.56756756757,991443.747015637
"145","LM0218","JLZ","0",20.36,20.36,0,1.32,"Expe005_1b","E64",0.161,79.5,1.89,0.28,29.5,1,0,0,0,0,1,0,0,0,"PWD x SCHUNT","mus x dom","PWD_SCHUNT","SY",5681,42,"SCHUNT","SY",8172,37,"2018-05-07",5,8,"4","4","EX",976,"M","F1","1M","5.83",9.66,"L2","PWD","SCHUNT","inter subsp. hybrids",9,1,2.385,0.0148136645962733,0,0,"Negative",0,2385,14813.6645962733,0
"146","LM0218","INU","6",20.12,20.36,1.1787819253,1.18,"Expe005_1b","E64",0.117,104.6,1.89,0.93,54.6,1,21,22,33,22,1,24.5,245000,207627.118644068,"PWD x SCHUNT","mus x dom","PWD_SCHUNT","SY",5681,42,"SCHUNT","SY",8172,37,"2018-05-07",5,8,"4","4","EX",976,"M","F1","1M","5.83",9.66,"L2","PWD","SCHUNT","inter subsp. hybrids",9,1,3.138,0.0268205128205128,1245300.3219913,74.1666666666667,"Positive",24906.006439826,3138,26820.5128205128,667991865.027127
"147","LM0218","AJX","9",20.4,20.36,-0.1964636542,1.17,"Expe005_1b","E64",0.077,125.3,1.87,1.89,75.3,1,0,0,0,0,1,0,0,0,"PWD x SCHUNT","mus x dom","PWD_SCHUNT","SY",5681,42,"SCHUNT","SY",8172,37,"2018-05-07",5,8,"4","4","EX",976,"M","F1","1M","5.83",9.66,"L2","PWD","SCHUNT","inter subsp. hybrids",9,1,3.759,0.0488181818181818,3299.9994715897,74.6666666666667,"Positive",65.999989431794,3759,48818.1818181818,3221999.4840794
"148","LM0218","EFV","1",20.44,20.36,-0.3929273084,NA,"Expe005_1b","E64",0.118,47,1.76,1.25,NA,0,NA,NA,NA,NA,NA,NA,NA,0,"PWD x SCHUNT","mus x dom","PWD_SCHUNT","SY",5681,42,"SCHUNT","SY",8172,37,"2018-05-07",5,8,"4","4","EX",976,"M","F1","1M","5.83",9.66,"L2","PWD","SCHUNT","inter subsp. hybrids",9,1,1.41,0.0119491525423729,0,0,"Negative",0,1410,11949.1525423729,0
"149","LM0218","AKV","7",20.83,20.36,-2.3084479371,1.78,"Expe005_1b","E64",0.074,117.3,1.88,1.35,67.3,0,39,40,34,40,1,38.25,382500,214887.640449438,"PWD x SCHUNT","mus x dom","PWD_SCHUNT","SY",5681,42,"SCHUNT","SY",8172,37,"2018-05-07",5,8,"4","4","EX",976,"M","F1","1M","5.83",9.66,"L2","PWD","SCHUNT","inter subsp. hybrids",9,1,3.519,0.0475540540540541,335134.034042366,74.5,"Positive",6702.68068084732,3519,47554.0540540541,318739639.404078
"150","LM0218","MUW","4",20.6,20.36,-1.1787819253,1.57,"Expe005_1b","E64",0.13,67.7,1.86,0.63,17.7,0,0,0,0,1,2,0,0,0,"PWD x SCHUNT","mus x dom","PWD_SCHUNT","SY",5681,42,"SCHUNT","SY",8172,37,"2018-05-07",5,8,"4","4","EX",976,"M","F1","1M","5.83",9.66,"L2","PWD","SCHUNT","inter subsp. hybrids",9,1,2.031,0.0156230769230769,207525.903394238,74.5,"Positive",4150.51806788476,2031,15623.0769230769,64843863.0451842
"151","LM0218","AOQ","2",20.75,20.36,-1.9155206287,NA,"Expe005_1b","E64",0.116,56.4,1.86,0.75,6.4,0,NA,NA,NA,NA,NA,NA,NA,0,"PWD x SCHUNT","mus x dom","PWD_SCHUNT","SY",5681,42,"SCHUNT","SY",8172,37,"2018-05-07",5,8,"4","4","EX",976,"M","F1","1M","5.83",9.66,"L2","PWD","SCHUNT","inter subsp. hybrids",9,1,1.692,0.0145862068965517,0,0,"Negative",0,1692,14586.2068965517,0
"152","LM0218","CGX","3",20.2,20.36,0.7858546169,1.74,"Expe005_1b","E64",0.076,93,1.84,2.14,43,0,0,0,0,0,2,0,0,0,"PWD x SCHUNT","mus x dom","PWD_SCHUNT","SY",5681,42,"SCHUNT","SY",8172,37,"2018-05-07",5,8,"4","4","EX",976,"M","F1","1M","5.83",9.66,"L2","PWD","SCHUNT","inter subsp. hybrids",9,1,2.79,0.0367105263157895,792.483220524495,74.5,"Positive",15.8496644104899,2790,36710.5263157895,581849.522437721
"153","LM0218","BOS","5",19.9,20.36,2.2593320236,0.72,"Expe005_1b","E64",0.099,28.9,1.83,1.13,NA,1,14,22,9,12,1,14.25,142500,197916.666666667,"PWD x SCHUNT","mus x dom","PWD_SCHUNT","SY",5681,42,"SCHUNT","SY",8172,37,"2018-05-07",5,8,"4","4","EX",976,"M","F1","1M","5.83",9.66,"L2","PWD","SCHUNT","inter subsp. hybrids",9,1,0.867,0.00875757575757576,111764.544687604,74.5,"Positive",2235.29089375208,867,8757.57575757576,19575729.342253
"154","LM0218","GKS","10",20.92,20.36,-2.7504911591,1.28,"Expe005_1b","E64",0.182,51.6,1.86,0.96,1.6,0,1,1,1,0,1,0.75,7500,5859.375,"PWD x SCHUNT","mus x dom","PWD_SCHUNT","SY",5681,42,"SCHUNT","SY",8172,37,"2018-05-07",5,8,"4","4","EX",976,"M","F1","1M","5.83",9.66,"L2","PWD","SCHUNT","inter subsp. hybrids",9,1,1.548,0.00850549450549451,39.2189881033759,74.6666666666667,"Positive",0.784379762067518,1548,8505.49450549451,6671.53775648636
"155","LM0219","ABG","3",19.05,19,-0.2631578947,1.65,"Expe005_1b","E64",0.096,111.1,1.89,1.31,61.1,0,0,0,0,0,1,0,0,0,"SCHUNT x PWD","dom x mus","SCHUNT_PWD","SY",6904,37,"PWD","SY",5342,42,"2018-03-23",1,7,"5","2","EX",721,"M","F1","1M","5.37",9.71,"P3","SCHUNT","PWD","inter subsp. hybrids",15.4285714286,1,3.333,0.03471875,1631.96268005505,74.1666666666667,"Positive",32.6392536011009,3333,34718.75,1133194.08596322
"156","LM0219","OXY","4",19.49,19,-2.5789473684,1.57,"Expe005_1b","E64",0.147,62.9,1.83,1.88,12.9,0,0,0,0,0,2,0,0,0,"SCHUNT x PWD","dom x mus","SCHUNT_PWD","SY",6904,37,"PWD","SY",5342,42,"2018-03-23",1,7,"5","2","EX",721,"M","F1","1M","5.37",9.71,"P3","SCHUNT","PWD","inter subsp. hybrids",15.4285714286,1,1.887,0.0128367346938776,465900.333813802,74.5,"Positive",9318.00667627604,1887,12836.7346938776,119612779.579135
"157","LM0219","DFV","10",19.4,19,-2.1052631579,1.78,"Expe005_1b","E64",0.103,96.5,1.85,1.01,46.5,1,0,0,0,0,1,0,0,0,"SCHUNT x PWD","dom x mus","SCHUNT_PWD","SY",6904,37,"PWD","SY",5342,42,"2018-03-23",1,7,"5","2","EX",721,"M","F1","1M","5.37",9.71,"P3","SCHUNT","PWD","inter subsp. hybrids",15.4285714286,1,2.895,0.0281067961165049,1253.90244612006,74.5,"Positive",25.0780489224011,2895,28106.7961165049,704863.608061663
"158","LM0219","EJL","7",20.45,19,-7.6315789474,1.64,"Expe005_1b","E64",0.082,75.3,1.92,1.81,25.3,0,65,56,40,48,1,52.25,522500,318597.56097561,"SCHUNT x PWD","dom x mus","SCHUNT_PWD","SY",6904,37,"PWD","SY",5342,42,"2018-03-23",1,7,"5","2","EX",721,"M","F1","1M","5.37",9.71,"P3","SCHUNT","PWD","inter subsp. hybrids",15.4285714286,1,2.259,0.0275487804878049,196871.489142106,74.5,"Positive",3937.42978284212,2259,27548.7804878049,108471388.773663
"159","LM0219","ACQ","2",20.39,19,-7.3157894737,NA,"Expe005_1b","E64",0.103,22.5,1.88,1.51,NA,1,NA,NA,NA,NA,NA,NA,NA,0,"SCHUNT x PWD","dom x mus","SCHUNT_PWD","SY",6904,37,"PWD","SY",5342,42,"2018-03-23",1,7,"5","2","EX",721,"M","F1","1M","5.37",9.71,"P3","SCHUNT","PWD","inter subsp. hybrids",15.4285714286,1,0.675,0.00655339805825243,0,0,"Negative",0,675,6553.39805825243,0
"160","LM0219","ALS","1",20.11,19,-5.8421052632,NA,"Expe005_1b","E64",0.113,63.6,1.85,1.63,13.6,0,NA,NA,NA,NA,NA,NA,NA,0,"SCHUNT x PWD","dom x mus","SCHUNT_PWD","SY",6904,37,"PWD","SY",5342,42,"2018-03-23",1,7,"5","2","EX",721,"M","F1","1M","5.37",9.71,"P3","SCHUNT","PWD","inter subsp. hybrids",15.4285714286,1,1.908,0.0168849557522124,0,0,"Negative",0,1908,16884.9557522124,0
"161","LM0219","CDZ","9",20.66,19,-8.7368421053,1.11,"Expe005_1b","E64",0.069,142.1,1.81,1.46,92.1,0,0,0,1,0,1,0,0,0,"SCHUNT x PWD","dom x mus","SCHUNT_PWD","SY",6904,37,"PWD","SY",5342,42,"2018-03-23",1,7,"5","2","EX",721,"M","F1","1M","5.37",9.71,"P3","SCHUNT","PWD","inter subsp. hybrids",15.4285714286,1,4.263,0.0617826086956522,1797.63885831744,74.6666666666667,"Positive",35.9527771663488,4263,61782.6086956522,2221256.36319051
"162","LM0219","CHN","0",19,19,0,1.67,"Expe005_1b","E64",0.142,56.6,1.87,1.88,6.6,1,0,0,0,0,1,0,0,0,"SCHUNT x PWD","dom x mus","SCHUNT_PWD","SY",6904,37,"PWD","SY",5342,42,"2018-03-23",1,7,"5","2","EX",721,"M","F1","1M","5.37",9.71,"P3","SCHUNT","PWD","inter subsp. hybrids",15.4285714286,1,1.698,0.0119577464788732,0,0,"Negative",0,1698,11957.7464788732,0
"163","LM0219","CER","5",19.03,19,-0.1578947368,0.7,"Expe005_1b","E64",0.086,78.6,1.88,2.15,28.6,0,0,1,2,1,1,1,10000,14285.7142857143,"SCHUNT x PWD","dom x mus","SCHUNT_PWD","SY",6904,37,"PWD","SY",5342,42,"2018-03-23",1,7,"5","2","EX",721,"M","F1","1M","5.37",9.71,"P3","SCHUNT","PWD","inter subsp. hybrids",15.4285714286,1,2.358,0.0274186046511628,201670.500901942,74.5,"Positive",4033.41001803885,2358,27418.6046511628,110590474.680647
"164","LM0219","TUX","8",20.71,19,-9,1.35,"Expe005_1b","E64",0.147,76.2,1.87,1.91,26.2,0,3,1,2,2,1,2,20000,14814.8148148148,"SCHUNT x PWD","dom x mus","SCHUNT_PWD","SY",6904,37,"PWD","SY",5342,42,"2018-03-23",1,7,"5","2","EX",721,"M","F1","1M","5.37",9.71,"P3","SCHUNT","PWD","inter subsp. hybrids",15.4285714286,1,2.286,0.0155510204081633,4901.33528834431,74.5,"Positive",98.0267057668861,2286,15551.0204081633,1524415.30192586
"165","LM0219","CGL","6",20.11,19,-5.8421052632,1.48,"Expe005_1b","E64",0.06,43,1.95,1.93,NA,0,213,189,306,284,1,248,2480000,1675675.67567568,"SCHUNT x PWD","dom x mus","SCHUNT_PWD","SY",6904,37,"PWD","SY",5342,42,"2018-03-23",1,7,"5","2","EX",721,"M","F1","1M","5.37",9.71,"P3","SCHUNT","PWD","inter subsp. hybrids",15.4285714286,1,1.29,0.0215,3739242.86628996,74.5,"Positive",74784.8573257993,1290,21500,1607874432.50468
"166","LM0220","EPS","2",20.31,19.72,-2.9918864097,NA,"Expe005_1b","E64",0.211,15.7,1.8,1.25,NA,1,NA,NA,NA,NA,NA,NA,NA,0,"BUSNA x PWD","mus x mus","BUSNA_PWD","SY",6115,60,"PWD","SY",7040,43,"2018-04-01",3,4,"2","2","EX",754,"F","F1","1F","6.6",11.19,"L2","BUSNA","PWD","outbred hybrids",14.1428571429,1,0.471,0.00223222748815166,0,0,"Negative",0,471,2232.22748815166,0
"167","LM0220","CEJ","9",19.66,19.72,0.3042596349,1.16,"Expe005_1b","E64",0.102,67.3,1.92,1.26,17.3,1,0,2,0,1,1,0.75,7500,6465.51724137931,"BUSNA x PWD","mus x mus","BUSNA_PWD","SY",6115,60,"PWD","SY",7040,43,"2018-04-01",3,4,"2","2","EX",754,"F","F1","1F","6.6",11.19,"L2","BUSNA","PWD","outbred hybrids",14.1428571429,1,2.019,0.0197941176470588,1552.58280548727,74.6666666666667,"Positive",31.0516561097453,2019,19794.1176470588,614640.134172312
"168","LM0220","BLW","7",19.1,19.72,3.1440162272,1.02,"Expe005_1b","E64",0.049,86.1,1.89,0.66,36.1,0,36,38,38,28,1,35,350000,343137.254901961,"BUSNA x PWD","mus x mus","BUSNA_PWD","SY",6115,60,"PWD","SY",7040,43,"2018-04-01",3,4,"2","2","EX",754,"F","F1","1F","6.6",11.19,"L2","BUSNA","PWD","outbred hybrids",14.1428571429,1,2.583,0.0527142857142857,274406.290982169,74.5,"Positive",5488.12581964337,2583,52714.2857142857,289302632.492629
"169","LM0220","BDM","4",19.38,19.72,1.724137931,1.23,"Expe005_1b","E64",0.064,60.1,1.88,1.73,10.1,0,1,1,0,0,1.5,0.5,7500,6097.56097560976,"BUSNA x PWD","mus x mus","BUSNA_PWD","SY",6115,60,"PWD","SY",7040,43,"2018-04-01",3,4,"2","2","EX",754,"F","F1","1F","6.6",11.19,"L2","BUSNA","PWD","outbred hybrids",14.1428571429,1,1.803,0.028171875,36437.6054550488,74.5,"Positive",728.752109100977,1803,28171.875,20530313.3235791
"170","LM0220","DFL","5",18.19,19.72,7.7586206897,0.74,"Expe005_1b","E64",0.059,53.8,1.86,1.98,3.3,0,8,37,17,26,1,22,220000,297297.297297297,"BUSNA x PWD","mus x mus","BUSNA_PWD","SY",6115,60,"PWD","SY",7040,43,"2018-04-01",3,4,"2","2","EX",754,"F","F1","1F","6.6",11.19,"L2","BUSNA","PWD","outbred hybrids",14.1428571429,1,1.614,0.0273559322033898,5305145.80400746,73.6666666666667,"Positive",106102.916080149,1614,27355.9322033898,2902544178.87052
"171","LM0220","AKR","6",19.2,19.72,2.6369168357,1.21,"Expe005_1b","E64",0.077,64.4,1.89,1.39,14.4,0,227,266,329,330,1,288,2880000,2380165.2892562,"BUSNA x PWD","mus x mus","BUSNA_PWD","SY",6115,60,"PWD","SY",7040,43,"2018-04-01",3,4,"2","2","EX",754,"F","F1","1F","6.6",11.19,"L2","BUSNA","PWD","outbred hybrids",14.1428571429,1,1.932,0.0250909090909091,2250673.15248333,74.5,"Positive",45013.4630496666,1932,25090.9090909091,1129428709.24618
"172","LM0220","BQS","10",19.72,19.72,0,0.9,"Expe005_1b","E64",0.157,18.8,1.57,0.75,NA,0,2,2,0,1,1,1.25,12500,13888.8888888889,"BUSNA x PWD","mus x mus","BUSNA_PWD","SY",6115,60,"PWD","SY",7040,43,"2018-04-01",3,4,"2","2","EX",754,"F","F1","1F","6.6",11.19,"L2","BUSNA","PWD","outbred hybrids",14.1428571429,1,0.564,0.00359235668789809,0,0,"Negative",0,564,3592.35668789809,0
"173","LM0220","MRU","8",19.69,19.72,0.1521298174,1.44,"Expe005_1b","E64",0.149,71.1,1.9,1.75,21.1,0,2,2,3,2,2.5,2.25,56250,39062.5,"BUSNA x PWD","mus x mus","BUSNA_PWD","SY",6115,60,"PWD","SY",7040,43,"2018-04-01",3,4,"2","2","EX",754,"F","F1","1F","6.6",11.19,"L2","BUSNA","PWD","outbred hybrids",14.1428571429,1,2.133,0.0143154362416107,10354.518326299,74.3333333333333,"Positive",207.09036652598,2133,14315.4362416107,2964588.93825447
"174","LM0220","AGO","0",19.72,19.72,0,1.41,"Expe005_1b","E64",0.084,80.6,1.84,0.83,30.6,0,0,0,0,0,1,0,0,0,"BUSNA x PWD","mus x mus","BUSNA_PWD","SY",6115,60,"PWD","SY",7040,43,"2018-04-01",3,4,"2","2","EX",754,"F","F1","1F","6.6",11.19,"L2","BUSNA","PWD","outbred hybrids",14.1428571429,1,2.418,0.0287857142857143,0,0,"Negative",0,2418,28785.7142857143,0
"175","LM0220","DGN","1",19.99,19.72,-1.369168357,NA,"Expe005_1b","E64",0.129,21.9,1.99,0.83,NA,0,NA,NA,NA,NA,NA,NA,NA,0,"BUSNA x PWD","mus x mus","BUSNA_PWD","SY",6115,60,"PWD","SY",7040,43,"2018-04-01",3,4,"2","2","EX",754,"F","F1","1F","6.6",11.19,"L2","BUSNA","PWD","outbred hybrids",14.1428571429,1,0.657,0.00509302325581395,0,0,"Negative",0,657,5093.02325581395,0
"176","LM0220","CIM","3",19,19.72,3.6511156187,1.4,"Expe005_1b","E64",0.057,85.6,1.73,1.57,35.6,0,0,0,0,0,2.5,0,0,0,"BUSNA x PWD","mus x mus","BUSNA_PWD","SY",6115,60,"PWD","SY",7040,43,"2018-04-01",3,4,"2","2","EX",754,"F","F1","1F","6.6",11.19,"L2","BUSNA","PWD","outbred hybrids",14.1428571429,1,2.568,0.0450526315789474,650.959752606328,74.5,"Positive",13.0191950521266,2568,45052.6315789474,586548.998137912
"177","LM0221","BFN","8",18.63,19.73,5.5752660922,1.45,"Expe005_1b","E64",0.082,56.7,1.88,1.1,6.7,1,3,3,4,3,1,3.25,32500,22413.7931034483,"Schweben 2","dom","SCHUNT_SCHUNT","SY",7907,37,"SCHUNT","SY",7904,37,"2018-05-01",3,6,"5","1","EX",922,"M","38","1M","5.51",9.03,"L4","SCHUNT","SCHUNT","parental strains",9.8571428571,1,1.701,0.0207439024390244,305865.085937845,74.5,"Positive",6117.3017187569,1701,20743.9024390244,126896710.043969
"178","LM0221","KNV","10",18.72,19.73,5.1191079574,1.06,"Expe005_1b","E64",0.097,75.1,1.83,1.75,25.1,0,0,0,0,0,1,0,0,0,"Schweben 2","dom","SCHUNT_SCHUNT","SY",7907,37,"SCHUNT","SY",7904,37,"2018-05-01",3,6,"5","1","EX",922,"M","38","1M","5.51",9.03,"L4","SCHUNT","SCHUNT","parental strains",9.8571428571,1,2.253,0.0232268041237113,1184.5799922321,74.5,"Positive",23.6915998446419,2253,23226.8041237113,550280.148968848
"179","LM0221","HOZ","6",18.45,19.73,6.4875823619,0.9,"Expe005_1b","E64",0.049,142.6,1.89,2.02,92.6,0,14,14,26,29,1,20.75,207500,230555.555555556,"Schweben 2","dom","SCHUNT_SCHUNT","SY",7907,37,"SCHUNT","SY",7904,37,"2018-05-01",3,6,"5","1","EX",922,"M","38","1M","5.51",9.03,"L4","SCHUNT","SCHUNT","parental strains",9.8571428571,1,4.278,0.0873061224489796,1082322.75159344,74.5,"Positive",21646.4550318689,4278,87306.1224489796,1889868053.59867
"180","LM0221","GTU","7",18.91,19.73,4.1561074506,1.3,"Expe005_1b","E64",0.122,120.3,1.84,1.01,70.3,1,85,60,70,73,1,72,720000,553846.153846154,"Schweben 2","dom","SCHUNT_SCHUNT","SY",7907,37,"SCHUNT","SY",7904,37,"2018-05-01",3,6,"5","1","EX",922,"M","38","1M","5.51",9.03,"L4","SCHUNT","SCHUNT","parental strains",9.8571428571,1,3.609,0.0295819672131148,379018.363613468,74.5,"Positive",7580.36727226936,3609,29581.9672131148,224242176.11164
"181","LM0221","QUX","5",18.85,19.73,4.4602128738,0.48,"Expe005_1b","E64",0.122,121.7,1.84,2.33,71.7,1,4,3,9,3,1,4.75,47500,98958.3333333333,"Schweben 2","dom","SCHUNT_SCHUNT","SY",7907,37,"SCHUNT","SY",7904,37,"2018-05-01",3,6,"5","1","EX",922,"M","38","1M","5.51",9.03,"L4","SCHUNT","SCHUNT","parental strains",9.8571428571,1,3.651,0.0299262295081967,955628.880557091,74.5,"Positive",19112.5776111418,3651,29926.2295081967,571967384.084252
"182","LM0221","OTW","1",19.58,19.73,0.760263558,NA,"Expe005_1b","E64",0.168,68.6,1.82,1.49,18.6,0,NA,NA,NA,NA,NA,NA,NA,0,"Schweben 2","dom","SCHUNT_SCHUNT","SY",7907,37,"SCHUNT","SY",7904,37,"2018-05-01",3,6,"5","1","EX",922,"M","38","1M","5.51",9.03,"L4","SCHUNT","SCHUNT","parental strains",9.8571428571,1,2.058,0.01225,0,0,"Negative",0,2058,12250,0
"183","LM0221","FQS","0",19.73,19.73,0,1.54,"Expe005_1b","E64",0.12,78.2,1.9,1.82,28.2,1,0,0,0,0,1,0,0,0,"Schweben 2","dom","SCHUNT_SCHUNT","SY",7907,37,"SCHUNT","SY",7904,37,"2018-05-01",3,6,"5","1","EX",922,"M","38","1M","5.51",9.03,"L4","SCHUNT","SCHUNT","parental strains",9.8571428571,1,2.346,0.01955,0,0,"Negative",0,2346,19550,0
"184","LM0221","AQR","3",19.16,19.73,2.8890015205,1.05,"Expe005_1b","E64",0.161,99.5,1.86,1.35,49.5,1,0,0,0,0,1,0,0,0,"Schweben 2","dom","SCHUNT_SCHUNT","SY",7907,37,"SCHUNT","SY",7904,37,"2018-05-01",3,6,"5","1","EX",922,"M","38","1M","5.51",9.03,"L4","SCHUNT","SCHUNT","parental strains",9.8571428571,1,2.985,0.0185403726708075,6354.49368765791,74.5,"Positive",127.089873753158,2985,18540.3726708075,2356293.62206942
"185","LM0221","PQU","4",19.9,19.73,-0.8616320324,1.3,"Expe005_1b","E64",0.139,76.7,1.9,2.09,26.7,1,0,0,0,0,2,0,0,0,"Schweben 2","dom","SCHUNT_SCHUNT","SY",7907,37,"SCHUNT","SY",7904,37,"2018-05-01",3,6,"5","1","EX",922,"M","38","1M","5.51",9.03,"L4","SCHUNT","SCHUNT","parental strains",9.8571428571,1,2.301,0.0165539568345324,272951.485985354,74.5,"Positive",5459.02971970708,2301,16553.9568345324,90368542.3384604
"186","LM0221","LTV","9",18.4,19.73,6.7410035479,1.04,"Expe005_1b","E64",0.088,86,1.88,1.09,36,1,3,1,2,1,1,1.75,17500,16826.9230769231,"Schweben 2","dom","SCHUNT_SCHUNT","SY",7907,37,"SCHUNT","SY",7904,37,"2018-05-01",3,6,"5","1","EX",922,"M","38","1M","5.51",9.03,"L4","SCHUNT","SCHUNT","parental strains",9.8571428571,1,2.58,0.0293181818181818,1813.96895469317,74.5,"Positive",36.2793790938634,2580,29318.1818181818,1063645.43252463
"187","LM0221","DEI","2",20.02,19.73,-1.4698428789,NA,"Expe005_1b","E64",0.127,114.4,1.91,1.23,64.4,0,NA,NA,NA,NA,NA,NA,NA,0,"Schweben 2","dom","SCHUNT_SCHUNT","SY",7907,37,"SCHUNT","SY",7904,37,"2018-05-01",3,6,"5","1","EX",922,"M","38","1M","5.51",9.03,"L4","SCHUNT","SCHUNT","parental strains",9.8571428571,1,3.432,0.0270236220472441,201.255620800393,74.5,"Positive",4.02511241600787,3432,27023.6220472441,108773.116627866
"188","LM0222","HJN","7",21.91,23.99,8.670279283,1.27,"Expe005_1b","E64",0.201,83.8,1.91,2.23,33.8,1,168,139,165,157,1,157.25,1572500,1238188.97637795,"STRA x BUSNA","dom x mus","STRA_BUSNA","SY",6346,55,"BUSNA","SY",6111,60,"2018-03-07",2,5,"2","3","EX",659,"M","F1","1M","7.57",10.51,"P3","STRA","BUSNA","inter subsp. hybrids",17.7142857143,1,2.514,0.0125074626865672,189309.974279768,74.5,"Positive",3786.19948559536,2514,12507.4626865672,47355748.7899838
"189","LM0222","CRW","0",23.99,23.99,0,2.47,"Expe005_1b","E64",0.12,52.1,1.8,0.34,2.1,1,0,0,0,0,1,0,0,0,"STRA x BUSNA","dom x mus","STRA_BUSNA","SY",6346,55,"BUSNA","SY",6111,60,"2018-03-07",2,5,"2","3","EX",659,"M","F1","1M","7.57",10.51,"P3","STRA","BUSNA","inter subsp. hybrids",17.7142857143,1,1.563,0.013025,0,0,"Negative",0,1563,13025,0
"190","LM0222","AKQ","6",21.38,23.99,10.8795331388,0.87,"Expe005_1b","E64",0.126,62.5,1.9,0.64,12.5,0,20,30,16,26,1,23,230000,264367.816091954,"STRA x BUSNA","dom x mus","STRA_BUSNA","SY",6346,55,"BUSNA","SY",6111,60,"2018-03-07",2,5,"2","3","EX",659,"M","F1","1M","7.57",10.51,"P3","STRA","BUSNA","inter subsp. hybrids",17.7142857143,1,1.875,0.0148809523809524,1001891.05208627,74.1666666666667,"Positive",20037.8210417254,1875,14880.9523809524,298181860.739961
"191","LM0222","FVX","8",23.38,23.99,2.5427261359,1.5,"Expe005_1b","E64",0.126,118.3,1.91,2.4,68.3,0,23,11,14,18,1,16.5,165000,110000,"STRA x BUSNA","dom x mus","STRA_BUSNA","SY",6346,55,"BUSNA","SY",6111,60,"2018-03-07",2,5,"2","3","EX",659,"M","F1","1M","7.57",10.51,"P3","STRA","BUSNA","inter subsp. hybrids",17.7142857143,1,3.549,0.0281666666666667,19763.2548868554,74.5,"Positive",395.265097737109,3549,28166.6666666667,11133300.2529286
"192","LM0222","FIU","5",21.62,23.99,9.8791162985,0.54,"Expe005_1b","E64",0.094,77.3,1.89,1.92,27.3,1,2,4,3,3,1,3,30000,55555.5555555556,"STRA x BUSNA","dom x mus","STRA_BUSNA","SY",6346,55,"BUSNA","SY",6111,60,"2018-03-07",2,5,"2","3","EX",659,"M","F1","1M","7.57",10.51,"P3","STRA","BUSNA","inter subsp. hybrids",17.7142857143,1,2.319,0.0246702127659574,1756663.60417768,74.5,"Positive",35133.2720835537,2319,24670.2127659574,866745297.465542
"193","LM0222","JMZ","9",23.71,23.99,1.1671529804,1.36,"Expe005_1b","E64",0.146,73.8,1.81,2.08,23.8,1,5,4,11,7,1,6.75,67500,49632.3529411765,"STRA x BUSNA","dom x mus","STRA_BUSNA","SY",6346,55,"BUSNA","SY",6111,60,"2018-03-07",2,5,"2","3","EX",659,"M","F1","1M","7.57",10.51,"P3","STRA","BUSNA","inter subsp. hybrids",17.7142857143,1,2.214,0.0151643835616438,1134.8506294942,74.5,"Positive",22.697012589884,2214,15164.3835616438,344186.20461646
"194","LM0222","IJU","4",22.35,23.99,6.8361817424,0.92,"Expe005_1b","E64",0.328,1.8,2.52,0.36,NA,1,0,1,1,0,1,0.5,5000,5434.78260869565,"STRA x BUSNA","dom x mus","STRA_BUSNA","SY",6346,55,"BUSNA","SY",6111,60,"2018-03-07",2,5,"2","3","EX",659,"M","F1","1M","7.57",10.51,"P3","STRA","BUSNA","inter subsp. hybrids",17.7142857143,1,0.054,0.000164634146341463,4293.95790519958,74.6666666666667,"Positive",85.8791581039916,54,164.634146341463,14138.6418829742
"195","LM0222","BIN","3",22.48,23.99,6.2942892872,1.3,"Expe005_1b","E64",0.119,3.7,1.49,0.41,NA,0,0,0,0,0,1.5,0,0,0,"STRA x BUSNA","dom x mus","STRA_BUSNA","SY",6346,55,"BUSNA","SY",6111,60,"2018-03-07",2,5,"2","3","EX",659,"M","F1","1M","7.57",10.51,"P3","STRA","BUSNA","inter subsp. hybrids",17.7142857143,1,0.111,0.000932773109243697,0,0,"Negative",0,111,932.773109243697,0
"196","LM0222","DGM","2",23.83,23.99,0.6669445602,NA,"Expe005_1b","E64",0.123,12.3,1.85,1.08,NA,1,NA,NA,NA,NA,NA,NA,NA,0,"STRA x BUSNA","dom x mus","STRA_BUSNA","SY",6346,55,"BUSNA","SY",6111,60,"2018-03-07",2,5,"2","3","EX",659,"M","F1","1M","7.57",10.51,"P3","STRA","BUSNA","inter subsp. hybrids",17.7142857143,1,0.369,0.003,0,0,"Negative",0,369,3000,0
"197","LM0222","PQV","1",23.86,23.99,0.5418924552,NA,"Expe005_1b","E64",0.12,49.7,1.88,2.09,NA,0,NA,NA,NA,NA,NA,NA,NA,0,"STRA x BUSNA","dom x mus","STRA_BUSNA","SY",6346,55,"BUSNA","SY",6111,60,"2018-03-07",2,5,"2","3","EX",659,"M","F1","1M","7.57",10.51,"P3","STRA","BUSNA","inter subsp. hybrids",17.7142857143,1,1.491,0.012425,0,0,"Negative",0,1491,12425,0
"198","LM0222","BQX","10",23.87,23.99,0.5002084202,1.1,"Expe005_1b","E64",0.139,57.6,1.84,1.65,7.6,1,0,0,0,0,1,0,0,0,"STRA x BUSNA","dom x mus","STRA_BUSNA","SY",6346,55,"BUSNA","SY",6111,60,"2018-03-07",2,5,"2","3","EX",659,"M","F1","1M","7.57",10.51,"P3","STRA","BUSNA","inter subsp. hybrids",17.7142857143,1,1.728,0.012431654676259,296.222976032054,74.5,"Positive",5.92445952064108,1728,12431.654676259,73650.8349040848
"199","LM0223","QVW","9",22.06,20.73,-6.4158224795,0.78,"Expe005_1b","E64",0.083,138.7,1.84,2.21,88.7,1,0,0,0,0,1,0,0,0,"Schweben 2","dom","SCHUNT_SCHUNT","SY",5726,36,"SCHUNT","SY",5725,36,"2018-04-13",5,5,"2","3","EX",822,"M","37","1M","6.5",10.5,"L3","SCHUNT","SCHUNT","parental strains",12.4285714286,1,4.161,0.0501325301204819,1593.6287137432,74.5,"Positive",31.872574274864,4161,50132.5301204819,1597852.78985192
"200","LM0223","RXY","0",20.73,20.73,0,2.44,"Expe005_1b","E64",0.12,56.8,1.79,0.27,6.8,1,0,0,0,0,1,0,0,0,"Schweben 2","dom","SCHUNT_SCHUNT","SY",5726,36,"SCHUNT","SY",5725,36,"2018-04-13",5,5,"2","3","EX",822,"M","37","1M","6.5",10.5,"L3","SCHUNT","SCHUNT","parental strains",12.4285714286,1,1.704,0.0142,0,0,"Negative",0,1704,14200,0
"201","LM0223","KOQ","1",21.41,20.73,-3.2802701399,NA,"Expe005_1b","E64",0.208,75.7,1.81,1.46,25.7,1,NA,NA,NA,NA,NA,NA,NA,0,"Schweben 2","dom","SCHUNT_SCHUNT","SY",5726,36,"SCHUNT","SY",5725,36,"2018-04-13",5,5,"2","3","EX",822,"M","37","1M","6.5",10.5,"L3","SCHUNT","SCHUNT","parental strains",12.4285714286,1,2.271,0.0109182692307692,271.141069484,74.3333333333333,"Positive",5.42282138968,2271,10918.2692307692,59207.8239229004
"202","LM0223","BWY","6",21.57,20.73,-4.0520984081,1.17,"Expe005_1b","E64",0.043,95.9,1.89,1.67,45.9,0,8,7,5,8,1,7,70000,59829.0598290598,"Schweben 2","dom","SCHUNT_SCHUNT","SY",5726,36,"SCHUNT","SY",5725,36,"2018-04-13",5,5,"2","3","EX",822,"M","37","1M","6.5",10.5,"L3","SCHUNT","SCHUNT","parental strains",12.4285714286,1,2.877,0.0669069767441861,1615794.50870088,74.5,"Positive",32315.8901740177,2877,66906.976744186,2162158512.34067
"203","LM0223","FGK","4",21.42,20.73,-3.3285094067,1.1,"Expe005_1b","E64",0.103,101.3,1.92,2.15,51.3,0,1,1,0,2,1,1,10000,9090.90909090909,"Schweben 2","dom","SCHUNT_SCHUNT","SY",5726,36,"SCHUNT","SY",5725,36,"2018-04-13",5,5,"2","3","EX",822,"M","37","1M","6.5",10.5,"L3","SCHUNT","SCHUNT","parental strains",12.4285714286,1,3.039,0.029504854368932,277959.363706471,74.5,"Positive",5559.18727412941,3039,29504.854368932,164023010.932809
"204","LM0223","AIR","5",21.4,20.73,-3.2320308731,0.65,"Expe005_1b","E64",0.06,140.5,1.89,2.12,90.5,0,4,2,3,5,1,3.5,35000,53846.1538461538,"Schweben 2","dom","SCHUNT_SCHUNT","SY",5726,36,"SCHUNT","SY",5725,36,"2018-04-13",5,5,"2","3","EX",822,"M","37","1M","6.5",10.5,"L3","SCHUNT","SCHUNT","parental strains",12.4285714286,1,4.215,0.07025,2048090.54700003,74.5,"Positive",40961.8109400007,4215,70250,2877567218.53505
"205","LM0223","AGM","2",21.77,20.73,-5.0168837434,NA,"Expe005_1b","E64",0.149,154.4,1.75,3.36,104.4,1,NA,NA,NA,NA,NA,NA,NA,0,"Schweben 2","dom","SCHUNT_SCHUNT","SY",5726,36,"SCHUNT","SY",5725,36,"2018-04-13",5,5,"2","3","EX",822,"M","37","1M","6.5",10.5,"L3","SCHUNT","SCHUNT","parental strains",12.4285714286,1,4.632,0.0310872483221477,0,0,"Negative",0,4632,31087.2483221477,0
"206","LM0223","JLW","7",21.9,20.73,-5.6439942113,1.42,"Expe005_1b","E64",0.061,119.7,1.89,2.48,69.7,0,11,7,5,8,2,7.75,155000,109154.929577465,"Schweben 2","dom","SCHUNT_SCHUNT","SY",5726,36,"SCHUNT","SY",5725,36,"2018-04-13",5,5,"2","3","EX",822,"M","37","1M","6.5",10.5,"L3","SCHUNT","SCHUNT","parental strains",12.4285714286,1,3.591,0.0588688524590164,241943.008056308,74.5,"Positive",4838.86016112616,3591,58868.8524590164,284858144.895148
"207","LM0223","AOU","3",20.46,20.73,1.3024602026,1.13,"Expe005_1b","E64",0.106,94.5,1.88,1.03,44.5,1,0,0,0,0,2,0,0,0,"Schweben 2","dom","SCHUNT_SCHUNT","SY",5726,36,"SCHUNT","SY",5725,36,"2018-04-13",5,5,"2","3","EX",822,"M","37","1M","6.5",10.5,"L3","SCHUNT","SCHUNT","parental strains",12.4285714286,1,2.835,0.0267452830188679,1960.09097914813,74.5,"Positive",39.2018195829625,2835,26745.2830188679,1048463.75960093
"208","LM0223","ALQ","8",21.24,20.73,-2.4602026049,0.95,"Expe005_1b","E64",0.093,51.8,1.94,1.59,1.8,1,1,1,0,0,1,0.5,5000,5263.15789473684,"Schweben 2","dom","SCHUNT_SCHUNT","SY",5726,36,"SCHUNT","SY",5725,36,"2018-04-13",5,5,"2","3","EX",822,"M","37","1M","6.5",10.5,"L3","SCHUNT","SCHUNT","parental strains",12.4285714286,1,1.554,0.0167096774193548,1752.90098164437,74.5,"Positive",35.0580196328874,1554,16709.6774193548,585808.199026957
"209","LM0223","UXY","10",22.28,20.73,-7.4770863483,0.93,"Expe005_1b","E64",0.164,115.8,1.91,2.07,65.8,1,2,0,1,0,1,0.75,7500,8064.51612903226,"Schweben 2","dom","SCHUNT_SCHUNT","SY",5726,36,"SCHUNT","SY",5725,36,"2018-04-13",5,5,"2","3","EX",822,"M","37","1M","6.5",10.5,"L3","SCHUNT","SCHUNT","parental strains",12.4285714286,1,3.474,0.0211829268292683,0,0,"Negative",0,3474,21182.9268292683,0
"210","LM0224","NOV","8",20.78,19.21,-8.1728266528,1.52,"Expe005_1b","E64",0.114,54.8,1.86,2.65,4.8,0,1,3,3,1,1,2,20000,13157.8947368421,"BUSNA x PWD","mus x mus","BUSNA_PWD","SY",6115,60,"PWD","SY",7040,43,"2018-04-01",3,4,"2","2","EX",753,"M","F1","1M","6.55",11.17,"P3","BUSNA","PWD","outbred hybrids",14.1428571429,1,1.644,0.0144210526315789,75540.5622729283,74.1666666666667,"Positive",1510.81124545857,1644,14421.0526315789,21787488.4871393
"211","LM0224","IMR","6",18.09,19.21,5.8302967205,1.29,"Expe005_1b","E64",0.099,98.9,1.89,1.43,48.9,1,21,20,25,24,1,22.5,225000,174418.604651163,"BUSNA x PWD","mus x mus","BUSNA_PWD","SY",6115,60,"PWD","SY",7040,43,"2018-04-01",3,4,"2","2","EX",753,"M","F1","1M","6.55",11.17,"P3","BUSNA","PWD","outbred hybrids",14.1428571429,1,2.967,0.029969696969697,1669613.37450622,74.3333333333333,"Positive",33392.2674901244,2967,29969.696969697,1000756137.81009
"212","LM0224","BNY","10",19.63,19.21,-2.1863612702,1.75,"Expe005_1b","E64",0.137,88.7,1.87,2.06,38.7,0,2,1,0,0,1,0.75,7500,4285.71428571429,"BUSNA x PWD","mus x mus","BUSNA_PWD","SY",6115,60,"PWD","SY",7040,43,"2018-04-01",3,4,"2","2","EX",753,"M","F1","1M","6.55",11.17,"P3","BUSNA","PWD","outbred hybrids",14.1428571429,1,2.661,0.0194233576642336,958.118139182512,74.5,"Positive",19.1623627836502,2661,19423.3576642336,372197.426038637
"213","LM0224","GTX","4",18.9,19.21,1.6137428423,2.01,"Expe005_1b","E64",0.117,1.4,2.9,0.03,NA,1,2,2,3,3,1,2.5,25000,12437.8109452736,"BUSNA x PWD","mus x mus","BUSNA_PWD","SY",6115,60,"PWD","SY",7040,43,"2018-04-01",3,4,"2","2","EX",753,"M","F1","1M","6.55",11.17,"P3","BUSNA","PWD","outbred hybrids",14.1428571429,1,0.042,0.000358974358974359,6042.4869859573,74.5,"Positive",120.849739719146,42,358.974358974359,43381.9578478985
"214","LM0224","FMY","2",19.92,19.21,-3.695991671,NA,"Expe005_1b","E64",0.075,88.4,1.93,0.47,38.4,0,NA,NA,NA,NA,NA,NA,NA,0,"BUSNA x PWD","mus x mus","BUSNA_PWD","SY",6115,60,"PWD","SY",7040,43,"2018-04-01",3,4,"2","2","EX",753,"M","F1","1M","6.55",11.17,"P3","BUSNA","PWD","outbred hybrids",14.1428571429,1,2.652,0.03536,120.454228849788,74.5,"Positive",2.40908457699577,2652,35360,85185.2306425703
"215","LM0224","OPS","7",19.89,19.21,-3.5398230088,1.55,"Expe005_1b","E64",0.091,102.3,1.89,2.35,52.3,0,11,11,18,13,1,13.25,132500,85483.8709677419,"BUSNA x PWD","mus x mus","BUSNA_PWD","SY",6115,60,"PWD","SY",7040,43,"2018-04-01",3,4,"2","2","EX",753,"M","F1","1M","6.55",11.17,"P3","BUSNA","PWD","outbred hybrids",14.1428571429,1,3.069,0.0337252747252747,729839.663167776,74.5,"Positive",14596.7932633555,3069,33725.2747252747,492280862.914704
"216","LM0224","AMW","9",19.56,19.21,-1.8219677251,1.96,"Expe005_1b","E64",0.125,92.7,1.92,1.36,42.7,1,0,2,1,2,1,1.25,12500,6377.55102040816,"BUSNA x PWD","mus x mus","BUSNA_PWD","SY",6115,60,"PWD","SY",7040,43,"2018-04-01",3,4,"2","2","EX",753,"M","F1","1M","6.55",11.17,"P3","BUSNA","PWD","outbred hybrids",14.1428571429,1,2.781,0.022248,8625.3531278273,74.5,"Positive",172.507062556546,2781,22248,3837937.12775804
"217","LM0224","KVZ","0",19.21,19.21,0,1.64,"Expe005_1b","E64",0.091,40,1.91,0.75,NA,0,0,0,0,0,1,0,0,0,"BUSNA x PWD","mus x mus","BUSNA_PWD","SY",6115,60,"PWD","SY",7040,43,"2018-04-01",3,4,"2","2","EX",753,"M","F1","1M","6.55",11.17,"P3","BUSNA","PWD","outbred hybrids",14.1428571429,1,1.2,0.0131868131868132,0,0,"Negative",0,1200,13186.8131868132,0
"218","LM0224","EGN","3",17.97,19.21,6.4549713691,1.4,"Expe005_1b","E64",0.114,60.1,1.8,0.25,10.1,0,0,0,0,0,1,0,0,0,"BUSNA x PWD","mus x mus","BUSNA_PWD","SY",6115,60,"PWD","SY",7040,43,"2018-04-01",3,4,"2","2","EX",753,"M","F1","1M","6.55",11.17,"P3","BUSNA","PWD","outbred hybrids",14.1428571429,1,1.803,0.0158157894736842,1064.86827215201,74.5,"Positive",21.2973654430402,1803,15815.7894736842,336834.648191242
"219","LM0224","EIL","5",18.41,19.21,4.1644976575,0.78,"Expe005_1b","E64",0.184,55.6,1.91,1.81,5.6,0,6,6,1,4,1,4.25,42500,54487.1794871795,"BUSNA x PWD","mus x mus","BUSNA_PWD","SY",6115,60,"PWD","SY",7040,43,"2018-04-01",3,4,"2","2","EX",753,"M","F1","1M","6.55",11.17,"P3","BUSNA","PWD","outbred hybrids",14.1428571429,1,1.668,0.00906521739130435,3390455.14133633,74.1666666666667,"Positive",67809.1028267267,1668,9065.21739130435,614704258.233588
"220","LM0224","EMQ","1",19.96,19.21,-3.9042165539,NA,"Expe005_1b","E64",0.118,25.6,1.84,1.53,NA,0,NA,NA,NA,NA,NA,NA,NA,0,"BUSNA x PWD","mus x mus","BUSNA_PWD","SY",6115,60,"PWD","SY",7040,43,"2018-04-01",3,4,"2","2","EX",753,"M","F1","1M","6.55",11.17,"P3","BUSNA","PWD","outbred hybrids",14.1428571429,1,0.768,0.00650847457627119,0,0,"Negative",0,768,6508.47457627119,0
"221","LM0225","DUX","1",27.75,28.05,1.0695187166,NA,"Expe005_1b","E64",0.218,16.1,1.43,1.37,NA,0,NA,NA,NA,NA,NA,NA,NA,0,"Straas2","dom","STRA_STRA","SY",4827,55,"STRA","SY",4823,55,"2018-04-03",3,7,"2","5","EX",774,"M","56","1M","7.36",12.51,"P3","STRA","STRA","parental strains",13.8571428571,1,0.483,0.00221559633027523,23.3677291963026,74.5,"Positive",0.467354583926053,483,2215.59633027523,1035.46910108387
"222","LM0225","NTY","4",27.81,28.05,0.8556149733,2.15,"Expe005_1b","E64",0.162,71.2,1.77,0.89,21.2,1,0,0,1,0,1,0,0,0,"Straas2","dom","STRA_STRA","SY",4827,55,"STRA","SY",4823,55,"2018-04-03",3,7,"2","5","EX",774,"M","56","1M","7.36",12.51,"P3","STRA","STRA","parental strains",13.8571428571,1,2.136,0.0131851851851852,968275.062503366,74.5,"Positive",19365.5012500673,2136,13185.1851851852,255337720.186073
"223","LM0225","ELY","2",28.64,28.05,-2.1033868093,NA,"Expe005_1b","E64",0.171,66.4,1.89,0.47,16.4,1,NA,NA,NA,NA,NA,NA,NA,0,"Straas2","dom","STRA_STRA","SY",4827,55,"STRA","SY",4823,55,"2018-04-03",3,7,"2","5","EX",774,"M","56","1M","7.36",12.51,"P3","STRA","STRA","parental strains",13.8571428571,1,1.992,0.0116491228070175,157.143880532949,74.3333333333333,"Positive",3.14287761065898,1992,11649.1228070175,36611.7672539924
"224","LM0225","WXZ","9",28.97,28.05,-3.2798573975,1.18,"Expe005_1b","E64",0.075,109.3,1.9,2.29,59.3,1,0,0,0,1,1,0,0,0,"Straas2","dom","STRA_STRA","SY",4827,55,"STRA","SY",4823,55,"2018-04-03",3,7,"2","5","EX",774,"M","56","1M","7.36",12.51,"P3","STRA","STRA","parental strains",13.8571428571,1,3.279,0.04372,2260.02121669451,74.5,"Positive",45.2004243338903,3279,43720,1976162.55187768
"225","LM0225","GIL","6",27.58,28.05,1.6755793226,1.82,"Expe005_1b","E64",0.077,126.3,1.9,2.09,76.3,1,11,5,10,8,2,8.5,170000,93406.5934065934,"Straas2","dom","STRA_STRA","SY",4827,55,"STRA","SY",4823,55,"2018-04-03",3,7,"2","5","EX",774,"M","56","1M","7.36",12.51,"P3","STRA","STRA","parental strains",13.8571428571,1,3.789,0.0492077922077922,843386.858044826,74.5,"Positive",16867.7371608965,3789,49207.7922077922,830024105.229051
"226","LM0225","OQX","5",27,28.05,3.743315508,1.12,"Expe005_1b","E64",0.234,120.5,1.87,2.08,70.5,1,3,11,4,11,1,7.25,72500,64732.1428571428,"Straas2","dom","STRA_STRA","SY",4827,55,"STRA","SY",4823,55,"2018-04-03",3,7,"2","5","EX",774,"M","56","1M","7.36",12.51,"P3","STRA","STRA","parental strains",13.8571428571,1,3.615,0.015448717948718,8803625.28516381,74.5,"Positive",176072.505703276,3615,15448.7179487179,2720094479.13395
"227","LM0225","MWX","7",28.57,28.05,-1.8538324421,1.25,"Expe005_1b","E64",0.063,131.3,1.88,2.35,81.3,0,19,20,22,29,1,22.5,225000,180000,"Straas2","dom","STRA_STRA","SY",4827,55,"STRA","SY",4823,55,"2018-04-03",3,7,"2","5","EX",774,"M","56","1M","7.36",12.51,"P3","STRA","STRA","parental strains",13.8571428571,1,3.939,0.0625238095238095,579816.88510948,74.5,"Positive",11596.3377021896,3939,62523.8095238095,725047209.665474
"228","LM0225","BHY","10",28.64,28.05,-2.1033868093,1.01,"Expe005_1b","E64",0.196,106.4,1.87,1.79,56.4,1,0,0,1,0,1,0,0,0,"Straas2","dom","STRA_STRA","SY",4827,55,"STRA","SY",4823,55,"2018-04-03",3,7,"2","5","EX",774,"M","56","1M","7.36",12.51,"P3","STRA","STRA","parental strains",13.8571428571,1,3.192,0.0162857142857143,5691.17579538452,74.5,"Positive",113.82351590769,3192,16285.7142857143,1853697.2590681
"229","LM0225","GLO","3",30.2,28.05,-7.6648841355,1.59,"Expe005_1b","E64",0.366,71.2,1.85,0.9,21.2,1,0,0,0,0,1,0,0,0,"Straas2","dom","STRA_STRA","SY",4827,55,"STRA","SY",4823,55,"2018-04-03",3,7,"2","5","EX",774,"M","56","1M","7.36",12.51,"P3","STRA","STRA","parental strains",13.8571428571,1,2.136,0.00583606557377049,3298.22857018567,74.5,"Positive",65.9645714037133,2136,5836.06557377049,384973.564257737
"230","LM0225","FGT","0",28.05,28.05,0,1.28,"Expe005_1b","E64",0.074,129.8,1.86,2.05,79.8,0,0,0,0,0,1,0,0,0,"Straas2","dom","STRA_STRA","SY",4827,55,"STRA","SY",4823,55,"2018-04-03",3,7,"2","5","EX",774,"M","56","1M","7.36",12.51,"P3","STRA","STRA","parental strains",13.8571428571,1,3.894,0.0526216216216216,0,0,"Negative",0,3894,52621.6216216216,0
"231","LM0225","AGH","8",29.04,28.05,-3.5294117647,1.2,"Expe005_1b","E64",0.154,157.3,1.91,2.31,107.3,1,0,2,2,0,1,1,10000,8333.33333333333,"Straas2","dom","STRA_STRA","SY",4827,55,"STRA","SY",4823,55,"2018-04-03",3,7,"2","5","EX",774,"M","56","1M","7.36",12.51,"P3","STRA","STRA","parental strains",13.8571428571,1,4.719,0.0306428571428571,9883.60594219041,74.5,"Positive",197.672118843808,4719,30642.8571428571,6057238.49885669
"232","LM0226","EFW","8",15.96,15.16,-5.2770448549,1.52,"Expe005_1b","E64",0.149,111.6,1.93,2.31,61.6,1,4,1,1,2,1,2,20000,13157.8947368421,"Schweben 2","dom","SCHUNT_SCHUNT","SY",5726,36,"SCHUNT","SY",5725,36,"2018-04-13",5,5,"2","3","EX",825,"F","37","1F","5.56",9.42,"P2","SCHUNT","SCHUNT","parental strains",12.4285714286,1,3.348,0.0224697986577181,85636.7862279642,74.5,"Positive",1712.73572455928,3348,22469.7986577181,38484826.8847281
"233","LM0226","BXY","1",15.24,15.16,-0.5277044855,NA,"Expe005_1b","E64",0.126,44.4,1.87,1.27,NA,0,NA,NA,NA,NA,NA,NA,NA,0,"Schweben 2","dom","SCHUNT_SCHUNT","SY",5726,36,"SCHUNT","SY",5725,36,"2018-04-13",5,5,"2","3","EX",825,"F","37","1F","5.56",9.42,"P2","SCHUNT","SCHUNT","parental strains",12.4285714286,1,1.332,0.0105714285714286,0,0,"Negative",0,1332,10571.4285714286,0
"234","LM0226","EFJ","9",15.77,15.16,-4.0237467018,1.66,"Expe005_1b","E64",0.173,109.4,1.87,2.39,59.4,1,5,3,3,3,1,3.5,35000,21084.3373493976,"Schweben 2","dom","SCHUNT_SCHUNT","SY",5726,36,"SCHUNT","SY",5725,36,"2018-04-13",5,5,"2","3","EX",825,"F","37","1F","5.56",9.42,"P2","SCHUNT","SCHUNT","parental strains",12.4285714286,1,3.282,0.018971098265896,5870.42312990583,74.5,"Positive",117.408462598117,3282,18971.098265896,2227367.48119664
"235","LM0226","CSV","7",16.06,15.16,-5.9366754617,0.97,"Expe005_1b","E64",0.083,126.3,1.91,2.42,76.3,0,17,13,14,20,1,16,160000,164948.453608247,"Schweben 2","dom","SCHUNT_SCHUNT","SY",5726,36,"SCHUNT","SY",5725,36,"2018-04-13",5,5,"2","3","EX",825,"F","37","1F","5.56",9.42,"P2","SCHUNT","SCHUNT","parental strains",12.4285714286,1,3.789,0.0456506024096386,338055.131163967,74.5,"Positive",6761.10262327934,3789,45650.6024096386,308648407.70609
"236","LM0226","ETX","4",15.08,15.16,0.5277044855,1.94,"Expe005_1b","E64",0.159,36.1,1.82,0.6,NA,1,0,0,0,0,1,0,0,0,"Schweben 2","dom","SCHUNT_SCHUNT","SY",5726,36,"SCHUNT","SY",5725,36,"2018-04-13",5,5,"2","3","EX",825,"F","37","1F","5.56",9.42,"P2","SCHUNT","SCHUNT","parental strains",12.4285714286,1,1.083,0.00681132075471698,35392.3107283632,74.5,"Positive",707.846214567265,1083,6811.32075471698,4821367.61242986
"237","LM0226","HQU","2",15.69,15.16,-3.4960422164,NA,"Expe005_1b","E64",0.09,79.8,1.94,0.61,29.8,1,NA,NA,NA,NA,NA,NA,NA,0,"Schweben 2","dom","SCHUNT_SCHUNT","SY",5726,36,"SCHUNT","SY",5725,36,"2018-04-13",5,5,"2","3","EX",825,"F","37","1F","5.56",9.42,"P2","SCHUNT","SCHUNT","parental strains",12.4285714286,1,2.394,0.0266,0,0,"Negative",0,2394,26600,0
"238","LM0226","BLR","3",15.66,15.16,-3.2981530343,1.43,"Expe005_1b","E64",0.115,107.7,1.92,2.1,57.7,1,0,0,0,0,1,0,0,0,"Schweben 2","dom","SCHUNT_SCHUNT","SY",5726,36,"SCHUNT","SY",5725,36,"2018-04-13",5,5,"2","3","EX",825,"F","37","1F","5.56",9.42,"P2","SCHUNT","SCHUNT","parental strains",12.4285714286,1,3.231,0.028095652173913,28218.875409312,74.5,"Positive",564.377508186241,3231,28095.652173913,15856554.1647804
"239","LM0226","DER","10",15.79,15.16,-4.1556728232,1.56,"Expe005_1b","E64",0.131,122.6,1.86,2.15,72.6,0,0,0,0,1,1,0,0,0,"Schweben 2","dom","SCHUNT_SCHUNT","SY",5726,36,"SCHUNT","SY",5725,36,"2018-04-13",5,5,"2","3","EX",825,"F","37","1F","5.56",9.42,"P2","SCHUNT","SCHUNT","parental strains",12.4285714286,1,3.678,0.0280763358778626,3954.29244158725,74.5,"Positive",79.085848831745,3678,28076.3358778626,2220440.85498594
"240","LM0226","JNR","6",15.79,15.16,-4.1556728232,0.66,"Expe005_1b","E64",0.061,122.9,1.91,1.82,72.9,0,2,1,1,0,1,1,10000,15151.5151515152,"Schweben 2","dom","SCHUNT_SCHUNT","SY",5726,36,"SCHUNT","SY",5725,36,"2018-04-13",5,5,"2","3","EX",825,"F","37","1F","5.56",9.42,"P2","SCHUNT","SCHUNT","parental strains",12.4285714286,1,3.687,0.0604426229508197,1085092.52535242,74.5,"Positive",21701.8505070484,3687,60442.6229508197,1311716767.53258
"241","LM0226","KNO","0",15.16,15.16,0,1.21,"Expe005_1b","E64",0.071,96.6,1.87,1.96,46.6,1,0,0,0,0,1,0,0,0,"Schweben 2","dom","SCHUNT_SCHUNT","SY",5726,36,"SCHUNT","SY",5725,36,"2018-04-13",5,5,"2","3","EX",825,"F","37","1F","5.56",9.42,"P2","SCHUNT","SCHUNT","parental strains",12.4285714286,1,2.898,0.0408169014084507,0,0,"Negative",0,2898,40816.9014084507,0
"242","LM0226","IQW","5",14.33,15.16,5.4749340369,0.36,"Expe005_1b","E64",0.088,95.7,1.89,2.13,45.7,0,0,3,3,9,1,3.75,37500,104166.666666667,"Schweben 2","dom","SCHUNT_SCHUNT","SY",5726,36,"SCHUNT","SY",5725,36,"2018-04-13",5,5,"2","3","EX",825,"F","37","1F","5.56",9.42,"P2","SCHUNT","SCHUNT","parental strains",12.4285714286,1,2.871,0.032625,3143706.93631031,74.5,"Positive",62874.1387262062,2871,32625,2051268775.94248
